INFO:__main__:---------- Beginning Extraction ----------
INFO:googleapiclient.discovery_cache:file_cache is only supported with oauth2client<4.0.0
INFO:__main__:--> Extracting source tables
INFO:/Users/samirjohnson/projects/FAO/SOSI-2026/src/extract.py:-> Extracting Update_Template_SoSI2026-Area21-upd from drive.
DEBUG:googleapiclient.discovery:URL being requested: GET https://www.googleapis.com/drive/v3/files?q=name+%3D+%27Update_Template_SoSI2026-Area21-upd%27+and+trashed+%3D+false&spaces=drive&fields=files%28id%2C+mimeType%2C+name%29&pageSize=1&alt=json
DEBUG:google_auth_httplib2:Making request: POST https://oauth2.googleapis.com/token
DEBUG:/Users/samirjohnson/projects/FAO/SOSI-2026/src/extract.py:-> Found file id: 14CVtchLZgGF496KmOGv8o9D43tZ70ksERfkLTzqLGJk corresponding to file name Update_Template_SoSI2026-Area21-upd
DEBUG:/Users/samirjohnson/projects/FAO/SOSI-2026/src/extract.py:-> Downloading file content for ID: 14CVtchLZgGF496KmOGv8o9D43tZ70ksERfkLTzqLGJk
DEBUG:googleapiclient.discovery:URL being requested: GET https://www.googleapis.com/drive/v3/files/14CVtchLZgGF496KmOGv8o9D43tZ70ksERfkLTzqLGJk/export?mimeType=application%2Fvnd.openxmlformats-officedocument.spreadsheetml.sheet&alt=media
DEBUG:/Users/samirjohnson/projects/FAO/SOSI-2026/src/extract.py:-> Download complete for ID: 14CVtchLZgGF496KmOGv8o9D43tZ70ksERfkLTzqLGJk
INFO:/Users/samirjohnson/projects/FAO/SOSI-2026/src/extract.py:-> Successfully loaded data into Pandas DataFrame.
INFO:__main__:--> Extracting source tables
INFO:/Users/samirjohnson/projects/FAO/SOSI-2026/src/extract.py:-> Extracting Update_Template_SoSI2026-Area27-upd from drive.
DEBUG:googleapiclient.discovery:URL being requested: GET https://www.googleapis.com/drive/v3/files?q=name+%3D+%27Update_Template_SoSI2026-Area27-upd%27+and+trashed+%3D+false&spaces=drive&fields=files%28id%2C+mimeType%2C+name%29&pageSize=1&alt=json
DEBUG:/Users/samirjohnson/projects/FAO/SOSI-2026/src/extract.py:-> Found file id: 1mBiVvXSEDT2D_sOg_dA4GvnGsSCL4TYWFjyKcPswMcY corresponding to file name Update_Template_SoSI2026-Area27-upd
DEBUG:/Users/samirjohnson/projects/FAO/SOSI-2026/src/extract.py:-> Downloading file content for ID: 1mBiVvXSEDT2D_sOg_dA4GvnGsSCL4TYWFjyKcPswMcY
DEBUG:googleapiclient.discovery:URL being requested: GET https://www.googleapis.com/drive/v3/files/1mBiVvXSEDT2D_sOg_dA4GvnGsSCL4TYWFjyKcPswMcY/export?mimeType=application%2Fvnd.openxmlformats-officedocument.spreadsheetml.sheet&alt=media
DEBUG:/Users/samirjohnson/projects/FAO/SOSI-2026/src/extract.py:-> Download complete for ID: 1mBiVvXSEDT2D_sOg_dA4GvnGsSCL4TYWFjyKcPswMcY
INFO:/Users/samirjohnson/projects/FAO/SOSI-2026/src/extract.py:-> Successfully loaded data into Pandas DataFrame.
INFO:__main__:--> Extracting source tables
INFO:/Users/samirjohnson/projects/FAO/SOSI-2026/src/extract.py:-> Extracting Update_Template_SoSI2026-Area31-upd from drive.
DEBUG:googleapiclient.discovery:URL being requested: GET https://www.googleapis.com/drive/v3/files?q=name+%3D+%27Update_Template_SoSI2026-Area31-upd%27+and+trashed+%3D+false&spaces=drive&fields=files%28id%2C+mimeType%2C+name%29&pageSize=1&alt=json
DEBUG:/Users/samirjohnson/projects/FAO/SOSI-2026/src/extract.py:-> Found file id: 1aNXdnP6uZNcHsFHimTJeR570Ekpe771duWvIvzDRGK0 corresponding to file name Update_Template_SoSI2026-Area31-upd
DEBUG:/Users/samirjohnson/projects/FAO/SOSI-2026/src/extract.py:-> Downloading file content for ID: 1aNXdnP6uZNcHsFHimTJeR570Ekpe771duWvIvzDRGK0
DEBUG:googleapiclient.discovery:URL being requested: GET https://www.googleapis.com/drive/v3/files/1aNXdnP6uZNcHsFHimTJeR570Ekpe771duWvIvzDRGK0/export?mimeType=application%2Fvnd.openxmlformats-officedocument.spreadsheetml.sheet&alt=media
DEBUG:/Users/samirjohnson/projects/FAO/SOSI-2026/src/extract.py:-> Download complete for ID: 1aNXdnP6uZNcHsFHimTJeR570Ekpe771duWvIvzDRGK0
INFO:/Users/samirjohnson/projects/FAO/SOSI-2026/src/extract.py:-> Successfully loaded data into Pandas DataFrame.
INFO:__main__:--> Extracting source tables
INFO:/Users/samirjohnson/projects/FAO/SOSI-2026/src/extract.py:-> Extracting Update_Template_SoSI2026-Area41-upd from drive.
DEBUG:googleapiclient.discovery:URL being requested: GET https://www.googleapis.com/drive/v3/files?q=name+%3D+%27Update_Template_SoSI2026-Area41-upd%27+and+trashed+%3D+false&spaces=drive&fields=files%28id%2C+mimeType%2C+name%29&pageSize=1&alt=json
DEBUG:/Users/samirjohnson/projects/FAO/SOSI-2026/src/extract.py:-> Found file id: 1mecn2sjEU-58Ty4J_LP3TGmtNUhnt8wEuze9w9GrJyE corresponding to file name Update_Template_SoSI2026-Area41-upd
DEBUG:/Users/samirjohnson/projects/FAO/SOSI-2026/src/extract.py:-> Downloading file content for ID: 1mecn2sjEU-58Ty4J_LP3TGmtNUhnt8wEuze9w9GrJyE
DEBUG:googleapiclient.discovery:URL being requested: GET https://www.googleapis.com/drive/v3/files/1mecn2sjEU-58Ty4J_LP3TGmtNUhnt8wEuze9w9GrJyE/export?mimeType=application%2Fvnd.openxmlformats-officedocument.spreadsheetml.sheet&alt=media
DEBUG:/Users/samirjohnson/projects/FAO/SOSI-2026/src/extract.py:-> Download complete for ID: 1mecn2sjEU-58Ty4J_LP3TGmtNUhnt8wEuze9w9GrJyE
INFO:/Users/samirjohnson/projects/FAO/SOSI-2026/src/extract.py:-> Successfully loaded data into Pandas DataFrame.
INFO:__main__:--> Extracting source tables
INFO:/Users/samirjohnson/projects/FAO/SOSI-2026/src/extract.py:-> Extracting file Aquaculture_Quantity.csv from url: https://www.fao.org/fishery/static/Data/Aquaculture_2025.1.0.zip
DEBUG:urllib3.connectionpool:Starting new HTTPS connection (1): www.fao.org:443
DEBUG:urllib3.connectionpool:https://www.fao.org:443 "GET /fishery/static/Data/Aquaculture_2025.1.0.zip HTTP/1.1" 200 2167356
INFO:/Users/samirjohnson/projects/FAO/SOSI-2026/src/extract.py:-> Successfully extracted file into Pandas DataFrame
INFO:/Users/samirjohnson/projects/FAO/SOSI-2026/src/extract.py:-> Saved file to /Users/samirjohnson/projects/FAO/SOSI-2026/.cache
INFO:__main__:--> Extracting source tables
INFO:/Users/samirjohnson/projects/FAO/SOSI-2026/src/extract.py:-> Extracting file Capture_Quantity.csv from url: https://www.fao.org/fishery/static/Data/Capture_2025.1.0.zip
DEBUG:urllib3.connectionpool:Starting new HTTPS connection (1): www.fao.org:443
DEBUG:urllib3.connectionpool:https://www.fao.org:443 "GET /fishery/static/Data/Capture_2025.1.0.zip HTTP/1.1" 200 5238950
INFO:/Users/samirjohnson/projects/FAO/SOSI-2026/src/extract.py:-> Successfully extracted file into Pandas DataFrame
INFO:/Users/samirjohnson/projects/FAO/SOSI-2026/src/extract.py:-> Saved file to /Users/samirjohnson/projects/FAO/SOSI-2026/.cache
INFO:__main__:--> Extracting source tables
INFO:/Users/samirjohnson/projects/FAO/SOSI-2026/src/extract.py:-> Extracting table from url: https://raw.githubusercontent.com/samirjohnson48/SOSI-2025/main/output/clean_data/stock_weights.xlsx
DEBUG:/Users/samirjohnson/projects/FAO/SOSI-2026/src/extract.py:Table url: https://raw.githubusercontent.com/samirjohnson48/SOSI-2025/main/output/clean_data/stock_weights.xlsx
DEBUG:/Users/samirjohnson/projects/FAO/SOSI-2026/src/extract.py:Auth token: GITHUB_ACCESS_TOKEN
DEBUG:urllib3.connectionpool:Starting new HTTPS connection (1): raw.githubusercontent.com:443
DEBUG:urllib3.connectionpool:https://raw.githubusercontent.com:443 "GET /samirjohnson48/SOSI-2025/main/output/clean_data/stock_weights.xlsx HTTP/1.1" 200 79634
INFO:/Users/samirjohnson/projects/FAO/SOSI-2026/src/extract.py:-> Successfully extracted table into Pandas DataFrame
INFO:__main__:--> Extracting source tables
INFO:/Users/samirjohnson/projects/FAO/SOSI-2026/src/extract.py:-> Extracting file ASFIS_sp_2025.csv from url: https://www.fao.org/fishery/static/ASFIS/ASFIS_sp.zip
DEBUG:urllib3.connectionpool:Starting new HTTPS connection (1): www.fao.org:443
DEBUG:urllib3.connectionpool:https://www.fao.org:443 "GET /fishery/static/ASFIS/ASFIS_sp.zip HTTP/1.1" 200 2014343
INFO:/Users/samirjohnson/projects/FAO/SOSI-2026/src/extract.py:-> Successfully extracted file into Pandas DataFrame
INFO:/Users/samirjohnson/projects/FAO/SOSI-2026/src/extract.py:-> Saved file to /Users/samirjohnson/projects/FAO/SOSI-2026/.cache
INFO:__main__:--> Extracting source tables
INFO:/Users/samirjohnson/projects/FAO/SOSI-2026/src/extract.py:-> Extracting file CL_FI_COUNTRY_GROUPS.csv from url: https://www.fao.org/fishery/static/Data/Capture_2025.1.0.zip
DEBUG:urllib3.connectionpool:Starting new HTTPS connection (1): www.fao.org:443
DEBUG:urllib3.connectionpool:https://www.fao.org:443 "GET /fishery/static/Data/Capture_2025.1.0.zip HTTP/1.1" 200 5238950
INFO:/Users/samirjohnson/projects/FAO/SOSI-2026/src/extract.py:-> Successfully extracted file into Pandas DataFrame
INFO:/Users/samirjohnson/projects/FAO/SOSI-2026/src/extract.py:-> Saved file to /Users/samirjohnson/projects/FAO/SOSI-2026/.cache
INFO:__main__:---------- Extraction Complete ----------
INFO:__main__:---------- Beginning Transformation ----------
INFO:/Users/samirjohnson/projects/FAO/SOSI-2026/src/transform.py:SOSITransformer initialized.
DEBUG:__main__:Stock reference columns: Index(['fao_area', 'isscaap_code', 'isscaap_group', 'asfis_code',
       'common_name', 'species_name', 'location', 'status_year', 'tier',
       'status', 'uncertainty', 'assessment_update', 'data_owner',
       'data_provider', 'operational_data_process', 'source_citation',
       'source_citation_url', 'grsf_short_name', 'grsf_stock_id',
       'grsf_semantic_id', 'data_provider_stock_id', 'unit_update',
       'subarea_description', 'assessment_method', 'assessment_description',
       'status_basis', 'BdivBref', 'B_refpt', 'FdivFref', 'F_refpts',
       'status_text', 'comments', 'sosi_temp_id', 'sdg_id',
       'sosi_record_type'],
      dtype='object')
INFO:__main__:Applying schema verification and transformations...
INFO:__main__:-> capture schema process
INFO:/Users/samirjohnson/projects/FAO/SOSI-2026/src/transform.py:Dropped 29415 from table: capture based on restriction: lambda col: col == "Q_tlw" for column: MEASURE
DEBUG:/Users/samirjohnson/projects/FAO/SOSI-2026/src/transform.py:         VALUE MEASURE  AREA.CODE  PERIOD SPECIES.ALPHA_3_CODE  COUNTRY.UN_CODE
1025600    0.0  Q_no_1         99    1970                  MYS               32
1025601    0.0  Q_no_1         99    1971                  MYS               32
1025602    0.0  Q_no_1         99    1972                  MYS               32
1025603    0.0  Q_no_1         99    1973                  MYS               32
1025604    0.0  Q_no_1         99    1974                  MYS               32
...        ...     ...        ...     ...                  ...              ...
1055010    0.0  Q_no_1         77    2009                  DBO              896
1055011    0.0  Q_no_1         77    2010                  DBO              896
1055012    0.0  Q_no_1         77    2011                  DBO              896
1055013    0.0  Q_no_1         77    2012                  DBO              896
1055014    0.0  Q_no_1         77    2013                  DBO              896

[29415 rows x 6 columns]
DEBUG:/Users/samirjohnson/projects/FAO/SOSI-2026/src/transform.py:Table capture primary key ['country_un_code', 'asfis_code', 'fao_area', 'year'] passes check duplicate
DEBUG:/Users/samirjohnson/projects/FAO/SOSI-2026/src/transform.py:Table capture primary key ['country_un_code', 'asfis_code', 'fao_area', 'year'] passes check NA
INFO:__main__:-> countries schema process
DEBUG:/Users/samirjohnson/projects/FAO/SOSI-2026/src/transform.py:Table countries primary key ['country_un_code'] passes check duplicate
DEBUG:/Users/samirjohnson/projects/FAO/SOSI-2026/src/transform.py:Table countries primary key ['country_un_code'] passes check NA
INFO:__main__:-> aquaculture schema process
DEBUG:/Users/samirjohnson/projects/FAO/SOSI-2026/src/transform.py:Table aquaculture primary key ['country_un_code', 'asfis_code', 'environment_code', 'fao_area', 'year'] passes check duplicate
DEBUG:/Users/samirjohnson/projects/FAO/SOSI-2026/src/transform.py:Table aquaculture primary key ['country_un_code', 'asfis_code', 'environment_code', 'fao_area', 'year'] passes check NA
INFO:__main__:-> asfis schema process
DEBUG:/Users/samirjohnson/projects/FAO/SOSI-2026/src/transform.py:Table asfis primary key ['asfis_code'] passes check duplicate
DEBUG:/Users/samirjohnson/projects/FAO/SOSI-2026/src/transform.py:Table asfis primary key ['asfis_code'] passes check NA
INFO:__main__:-> stock_reference schema process
INFO:/Users/samirjohnson/projects/FAO/SOSI-2026/src/transform.py:Dropped 2 from table: stock_reference based on restriction: lambda col: col.str.split(";").explode().str.len().astype("Int64").eq(3) for column: asfis_code
DEBUG:/Users/samirjohnson/projects/FAO/SOSI-2026/src/transform.py:     isscaap_code                                 species_name  ... fao_area fao_areas
216            55  Placopecten magellanicus, Chlamys islandica  ...   fao:21      [21]
217            55  Placopecten magellanicus, Chlamys islandica  ...   fao:21      [21]

[2 rows x 13 columns]
INFO:/Users/samirjohnson/projects/FAO/SOSI-2026/src/transform.py:Dropped 0 from table: stock_reference based on restriction: lambda col: col.isin(['U', 'M', 'O', 'X', pd.NA]) for column: status
DEBUG:/Users/samirjohnson/projects/FAO/SOSI-2026/src/transform.py:Empty DataFrame
Columns: [isscaap_code, species_name, status, grsf_stock_id, location, status_year, asfis_code, common_name, isscaap_group, uncertainty, tier, fao_area, fao_areas]
Index: []
INFO:/Users/samirjohnson/projects/FAO/SOSI-2026/src/transform.py:Dropped 0 from table: stock_reference based on restriction: lambda col: (col.isin(['L', 'M', 'H', pd.NA])) for column: uncertainty
DEBUG:/Users/samirjohnson/projects/FAO/SOSI-2026/src/transform.py:Empty DataFrame
Columns: [isscaap_code, species_name, status, grsf_stock_id, location, status_year, asfis_code, common_name, isscaap_group, uncertainty, tier, fao_area, fao_areas]
Index: []
ERROR:/Users/samirjohnson/projects/FAO/SOSI-2026/src/transform.py:Table stock_reference does not have valid primary key grsf_stock_id due to check duplicate
ERROR:/Users/samirjohnson/projects/FAO/SOSI-2026/src/transform.py:Failing rows:
INFO:__main__:---------- Beginning Extraction ----------
INFO:googleapiclient.discovery_cache:file_cache is only supported with oauth2client<4.0.0
INFO:__main__:--> Extracting source tables
INFO:/Users/samirjohnson/projects/FAO/SOSI-2026/src/extract.py:-> Extracting Update_Template_SoSI2026-Area21-upd from drive.
DEBUG:googleapiclient.discovery:URL being requested: GET https://www.googleapis.com/drive/v3/files?q=name+%3D+%27Update_Template_SoSI2026-Area21-upd%27+and+trashed+%3D+false&spaces=drive&fields=files%28id%2C+mimeType%2C+name%29&pageSize=1&alt=json
DEBUG:google_auth_httplib2:Making request: POST https://oauth2.googleapis.com/token
DEBUG:/Users/samirjohnson/projects/FAO/SOSI-2026/src/extract.py:-> Found file id: 14CVtchLZgGF496KmOGv8o9D43tZ70ksERfkLTzqLGJk corresponding to file name Update_Template_SoSI2026-Area21-upd
DEBUG:/Users/samirjohnson/projects/FAO/SOSI-2026/src/extract.py:-> Downloading file content for ID: 14CVtchLZgGF496KmOGv8o9D43tZ70ksERfkLTzqLGJk
DEBUG:googleapiclient.discovery:URL being requested: GET https://www.googleapis.com/drive/v3/files/14CVtchLZgGF496KmOGv8o9D43tZ70ksERfkLTzqLGJk/export?mimeType=application%2Fvnd.openxmlformats-officedocument.spreadsheetml.sheet&alt=media
DEBUG:/Users/samirjohnson/projects/FAO/SOSI-2026/src/extract.py:-> Download complete for ID: 14CVtchLZgGF496KmOGv8o9D43tZ70ksERfkLTzqLGJk
INFO:/Users/samirjohnson/projects/FAO/SOSI-2026/src/extract.py:-> Successfully loaded data into Pandas DataFrame.
INFO:__main__:--> Extracting source tables
INFO:/Users/samirjohnson/projects/FAO/SOSI-2026/src/extract.py:-> Extracting Update_Template_SoSI2026-Area27-upd from drive.
DEBUG:googleapiclient.discovery:URL being requested: GET https://www.googleapis.com/drive/v3/files?q=name+%3D+%27Update_Template_SoSI2026-Area27-upd%27+and+trashed+%3D+false&spaces=drive&fields=files%28id%2C+mimeType%2C+name%29&pageSize=1&alt=json
DEBUG:/Users/samirjohnson/projects/FAO/SOSI-2026/src/extract.py:-> Found file id: 1mBiVvXSEDT2D_sOg_dA4GvnGsSCL4TYWFjyKcPswMcY corresponding to file name Update_Template_SoSI2026-Area27-upd
DEBUG:/Users/samirjohnson/projects/FAO/SOSI-2026/src/extract.py:-> Downloading file content for ID: 1mBiVvXSEDT2D_sOg_dA4GvnGsSCL4TYWFjyKcPswMcY
DEBUG:googleapiclient.discovery:URL being requested: GET https://www.googleapis.com/drive/v3/files/1mBiVvXSEDT2D_sOg_dA4GvnGsSCL4TYWFjyKcPswMcY/export?mimeType=application%2Fvnd.openxmlformats-officedocument.spreadsheetml.sheet&alt=media
DEBUG:/Users/samirjohnson/projects/FAO/SOSI-2026/src/extract.py:-> Download complete for ID: 1mBiVvXSEDT2D_sOg_dA4GvnGsSCL4TYWFjyKcPswMcY
INFO:/Users/samirjohnson/projects/FAO/SOSI-2026/src/extract.py:-> Successfully loaded data into Pandas DataFrame.
INFO:__main__:--> Extracting source tables
INFO:/Users/samirjohnson/projects/FAO/SOSI-2026/src/extract.py:-> Extracting Update_Template_SoSI2026-Area31-upd from drive.
DEBUG:googleapiclient.discovery:URL being requested: GET https://www.googleapis.com/drive/v3/files?q=name+%3D+%27Update_Template_SoSI2026-Area31-upd%27+and+trashed+%3D+false&spaces=drive&fields=files%28id%2C+mimeType%2C+name%29&pageSize=1&alt=json
DEBUG:/Users/samirjohnson/projects/FAO/SOSI-2026/src/extract.py:-> Found file id: 1aNXdnP6uZNcHsFHimTJeR570Ekpe771duWvIvzDRGK0 corresponding to file name Update_Template_SoSI2026-Area31-upd
DEBUG:/Users/samirjohnson/projects/FAO/SOSI-2026/src/extract.py:-> Downloading file content for ID: 1aNXdnP6uZNcHsFHimTJeR570Ekpe771duWvIvzDRGK0
DEBUG:googleapiclient.discovery:URL being requested: GET https://www.googleapis.com/drive/v3/files/1aNXdnP6uZNcHsFHimTJeR570Ekpe771duWvIvzDRGK0/export?mimeType=application%2Fvnd.openxmlformats-officedocument.spreadsheetml.sheet&alt=media
DEBUG:/Users/samirjohnson/projects/FAO/SOSI-2026/src/extract.py:-> Download complete for ID: 1aNXdnP6uZNcHsFHimTJeR570Ekpe771duWvIvzDRGK0
INFO:/Users/samirjohnson/projects/FAO/SOSI-2026/src/extract.py:-> Successfully loaded data into Pandas DataFrame.
INFO:__main__:--> Extracting source tables
INFO:/Users/samirjohnson/projects/FAO/SOSI-2026/src/extract.py:-> Extracting Update_Template_SoSI2026-Area41-upd from drive.
DEBUG:googleapiclient.discovery:URL being requested: GET https://www.googleapis.com/drive/v3/files?q=name+%3D+%27Update_Template_SoSI2026-Area41-upd%27+and+trashed+%3D+false&spaces=drive&fields=files%28id%2C+mimeType%2C+name%29&pageSize=1&alt=json
DEBUG:/Users/samirjohnson/projects/FAO/SOSI-2026/src/extract.py:-> Found file id: 1mecn2sjEU-58Ty4J_LP3TGmtNUhnt8wEuze9w9GrJyE corresponding to file name Update_Template_SoSI2026-Area41-upd
DEBUG:/Users/samirjohnson/projects/FAO/SOSI-2026/src/extract.py:-> Downloading file content for ID: 1mecn2sjEU-58Ty4J_LP3TGmtNUhnt8wEuze9w9GrJyE
DEBUG:googleapiclient.discovery:URL being requested: GET https://www.googleapis.com/drive/v3/files/1mecn2sjEU-58Ty4J_LP3TGmtNUhnt8wEuze9w9GrJyE/export?mimeType=application%2Fvnd.openxmlformats-officedocument.spreadsheetml.sheet&alt=media
DEBUG:/Users/samirjohnson/projects/FAO/SOSI-2026/src/extract.py:-> Download complete for ID: 1mecn2sjEU-58Ty4J_LP3TGmtNUhnt8wEuze9w9GrJyE
INFO:/Users/samirjohnson/projects/FAO/SOSI-2026/src/extract.py:-> Successfully loaded data into Pandas DataFrame.
INFO:__main__:--> Extracting source tables
INFO:/Users/samirjohnson/projects/FAO/SOSI-2026/src/extract.py:-> Extracting file Aquaculture_Quantity.csv from url: https://www.fao.org/fishery/static/Data/Aquaculture_2025.1.0.zip
DEBUG:urllib3.connectionpool:Starting new HTTPS connection (1): www.fao.org:443
DEBUG:urllib3.connectionpool:https://www.fao.org:443 "GET /fishery/static/Data/Aquaculture_2025.1.0.zip HTTP/1.1" 200 2167356
INFO:/Users/samirjohnson/projects/FAO/SOSI-2026/src/extract.py:-> Successfully extracted file into Pandas DataFrame
INFO:/Users/samirjohnson/projects/FAO/SOSI-2026/src/extract.py:-> Saved file to /Users/samirjohnson/projects/FAO/SOSI-2026/.cache
INFO:__main__:--> Extracting source tables
INFO:/Users/samirjohnson/projects/FAO/SOSI-2026/src/extract.py:-> Extracting file Capture_Quantity.csv from url: https://www.fao.org/fishery/static/Data/Capture_2025.1.0.zip
DEBUG:urllib3.connectionpool:Starting new HTTPS connection (1): www.fao.org:443
DEBUG:urllib3.connectionpool:https://www.fao.org:443 "GET /fishery/static/Data/Capture_2025.1.0.zip HTTP/1.1" 200 5238950
INFO:/Users/samirjohnson/projects/FAO/SOSI-2026/src/extract.py:-> Successfully extracted file into Pandas DataFrame
INFO:/Users/samirjohnson/projects/FAO/SOSI-2026/src/extract.py:-> Saved file to /Users/samirjohnson/projects/FAO/SOSI-2026/.cache
INFO:__main__:--> Extracting source tables
INFO:/Users/samirjohnson/projects/FAO/SOSI-2026/src/extract.py:-> Extracting table from url: https://raw.githubusercontent.com/samirjohnson48/SOSI-2025/main/output/clean_data/stock_weights.xlsx
DEBUG:/Users/samirjohnson/projects/FAO/SOSI-2026/src/extract.py:Table url: https://raw.githubusercontent.com/samirjohnson48/SOSI-2025/main/output/clean_data/stock_weights.xlsx
DEBUG:/Users/samirjohnson/projects/FAO/SOSI-2026/src/extract.py:Auth token: GITHUB_ACCESS_TOKEN
DEBUG:urllib3.connectionpool:Starting new HTTPS connection (1): raw.githubusercontent.com:443
DEBUG:urllib3.connectionpool:https://raw.githubusercontent.com:443 "GET /samirjohnson48/SOSI-2025/main/output/clean_data/stock_weights.xlsx HTTP/1.1" 200 79634
INFO:/Users/samirjohnson/projects/FAO/SOSI-2026/src/extract.py:-> Successfully extracted table into Pandas DataFrame
INFO:__main__:--> Extracting source tables
INFO:/Users/samirjohnson/projects/FAO/SOSI-2026/src/extract.py:-> Extracting file ASFIS_sp_2025.csv from url: https://www.fao.org/fishery/static/ASFIS/ASFIS_sp.zip
DEBUG:urllib3.connectionpool:Starting new HTTPS connection (1): www.fao.org:443
DEBUG:urllib3.connectionpool:https://www.fao.org:443 "GET /fishery/static/ASFIS/ASFIS_sp.zip HTTP/1.1" 200 2014343
INFO:/Users/samirjohnson/projects/FAO/SOSI-2026/src/extract.py:-> Successfully extracted file into Pandas DataFrame
INFO:/Users/samirjohnson/projects/FAO/SOSI-2026/src/extract.py:-> Saved file to /Users/samirjohnson/projects/FAO/SOSI-2026/.cache
INFO:__main__:--> Extracting source tables
INFO:/Users/samirjohnson/projects/FAO/SOSI-2026/src/extract.py:-> Extracting file CL_FI_COUNTRY_GROUPS.csv from url: https://www.fao.org/fishery/static/Data/Capture_2025.1.0.zip
DEBUG:urllib3.connectionpool:Starting new HTTPS connection (1): www.fao.org:443
DEBUG:urllib3.connectionpool:https://www.fao.org:443 "GET /fishery/static/Data/Capture_2025.1.0.zip HTTP/1.1" 200 5238950
INFO:/Users/samirjohnson/projects/FAO/SOSI-2026/src/extract.py:-> Successfully extracted file into Pandas DataFrame
INFO:/Users/samirjohnson/projects/FAO/SOSI-2026/src/extract.py:-> Saved file to /Users/samirjohnson/projects/FAO/SOSI-2026/.cache
INFO:__main__:---------- Extraction Complete ----------
INFO:__main__:---------- Beginning Transformation ----------
INFO:/Users/samirjohnson/projects/FAO/SOSI-2026/src/transform.py:SOSITransformer initialized.
DEBUG:__main__:Stock reference columns: Index(['fao_area', 'isscaap_code', 'isscaap_group', 'asfis_code',
       'common_name', 'species_name', 'location', 'status_year', 'tier',
       'status', 'uncertainty', 'assessment_update', 'data_owner',
       'data_provider', 'operational_data_process', 'source_citation',
       'source_citation_url', 'grsf_short_name', 'grsf_stock_id',
       'grsf_semantic_id', 'data_provider_stock_id', 'unit_update',
       'subarea_description', 'assessment_method', 'assessment_description',
       'status_basis', 'BdivBref', 'B_refpt', 'FdivFref', 'F_refpts',
       'status_text', 'comments', 'sosi_temp_id', 'sdg_id',
       'sosi_record_type'],
      dtype='object')
INFO:__main__:Applying schema verification and transformations...
INFO:__main__:-> capture schema process
INFO:/Users/samirjohnson/projects/FAO/SOSI-2026/src/transform.py:Dropped 29415 from table: capture based on restriction: lambda col: col == "Q_tlw" for column: MEASURE
DEBUG:/Users/samirjohnson/projects/FAO/SOSI-2026/src/transform.py:        MEASURE  COUNTRY.UN_CODE SPECIES.ALPHA_3_CODE  VALUE  AREA.CODE  PERIOD
1025600  Q_no_1               32                  MYS    0.0         99    1970
1025601  Q_no_1               32                  MYS    0.0         99    1971
1025602  Q_no_1               32                  MYS    0.0         99    1972
1025603  Q_no_1               32                  MYS    0.0         99    1973
1025604  Q_no_1               32                  MYS    0.0         99    1974
...         ...              ...                  ...    ...        ...     ...
1055010  Q_no_1              896                  DBO    0.0         77    2009
1055011  Q_no_1              896                  DBO    0.0         77    2010
1055012  Q_no_1              896                  DBO    0.0         77    2011
1055013  Q_no_1              896                  DBO    0.0         77    2012
1055014  Q_no_1              896                  DBO    0.0         77    2013

[29415 rows x 6 columns]
DEBUG:/Users/samirjohnson/projects/FAO/SOSI-2026/src/transform.py:Table capture primary key ['country_un_code', 'asfis_code', 'fao_area', 'year'] passes check duplicate
DEBUG:/Users/samirjohnson/projects/FAO/SOSI-2026/src/transform.py:Table capture primary key ['country_un_code', 'asfis_code', 'fao_area', 'year'] passes check NA
INFO:__main__:-> countries schema process
DEBUG:/Users/samirjohnson/projects/FAO/SOSI-2026/src/transform.py:Table countries primary key ['country_un_code'] passes check duplicate
DEBUG:/Users/samirjohnson/projects/FAO/SOSI-2026/src/transform.py:Table countries primary key ['country_un_code'] passes check NA
INFO:__main__:-> aquaculture schema process
DEBUG:/Users/samirjohnson/projects/FAO/SOSI-2026/src/transform.py:Table aquaculture primary key ['country_un_code', 'asfis_code', 'environment_code', 'fao_area', 'year'] passes check duplicate
DEBUG:/Users/samirjohnson/projects/FAO/SOSI-2026/src/transform.py:Table aquaculture primary key ['country_un_code', 'asfis_code', 'environment_code', 'fao_area', 'year'] passes check NA
INFO:__main__:-> asfis schema process
DEBUG:/Users/samirjohnson/projects/FAO/SOSI-2026/src/transform.py:Table asfis primary key ['asfis_code'] passes check duplicate
DEBUG:/Users/samirjohnson/projects/FAO/SOSI-2026/src/transform.py:Table asfis primary key ['asfis_code'] passes check NA
INFO:__main__:-> stock_reference schema process
INFO:/Users/samirjohnson/projects/FAO/SOSI-2026/src/transform.py:Dropped 2 from table: stock_reference based on restriction: lambda col: col.str.split(";").explode().str.len().astype("Int64").eq(3) for column: asfis_code
DEBUG:/Users/samirjohnson/projects/FAO/SOSI-2026/src/transform.py:         isscaap_group status  ... isscaap_code  fao_areas
216  Scallops, pectens      O  ...           55       [21]
217  Scallops, pectens      X  ...           55       [21]

[2 rows x 13 columns]
INFO:/Users/samirjohnson/projects/FAO/SOSI-2026/src/transform.py:Dropped 0 from table: stock_reference based on restriction: lambda col: col.isin(['U', 'M', 'O', 'X', pd.NA]) for column: status
DEBUG:/Users/samirjohnson/projects/FAO/SOSI-2026/src/transform.py:Empty DataFrame
Columns: [isscaap_group, status, common_name, tier, species_name, uncertainty, status_year, fao_area, location, asfis_code, grsf_stock_id, isscaap_code, fao_areas]
Index: []
INFO:/Users/samirjohnson/projects/FAO/SOSI-2026/src/transform.py:Dropped 0 from table: stock_reference based on restriction: lambda col: (col.isin(['L', 'M', 'H', pd.NA])) for column: uncertainty
DEBUG:/Users/samirjohnson/projects/FAO/SOSI-2026/src/transform.py:Empty DataFrame
Columns: [isscaap_group, status, common_name, tier, species_name, uncertainty, status_year, fao_area, location, asfis_code, grsf_stock_id, isscaap_code, fao_areas]
Index: []
INFO:__main__:---------- Beginning Extraction ----------
INFO:googleapiclient.discovery_cache:file_cache is only supported with oauth2client<4.0.0
INFO:__main__:--> Extracting source tables
INFO:/Users/samirjohnson/projects/FAO/SOSI-2026/src/extract.py:-> Extracting Update_Template_SoSI2026-Area21-upd from drive.
DEBUG:googleapiclient.discovery:URL being requested: GET https://www.googleapis.com/drive/v3/files?q=name+%3D+%27Update_Template_SoSI2026-Area21-upd%27+and+trashed+%3D+false&spaces=drive&fields=files%28id%2C+mimeType%2C+name%29&pageSize=1&alt=json
DEBUG:google_auth_httplib2:Making request: POST https://oauth2.googleapis.com/token
DEBUG:/Users/samirjohnson/projects/FAO/SOSI-2026/src/extract.py:-> Found file id: 14CVtchLZgGF496KmOGv8o9D43tZ70ksERfkLTzqLGJk corresponding to file name Update_Template_SoSI2026-Area21-upd
DEBUG:/Users/samirjohnson/projects/FAO/SOSI-2026/src/extract.py:-> Downloading file content for ID: 14CVtchLZgGF496KmOGv8o9D43tZ70ksERfkLTzqLGJk
DEBUG:googleapiclient.discovery:URL being requested: GET https://www.googleapis.com/drive/v3/files/14CVtchLZgGF496KmOGv8o9D43tZ70ksERfkLTzqLGJk/export?mimeType=application%2Fvnd.openxmlformats-officedocument.spreadsheetml.sheet&alt=media
DEBUG:/Users/samirjohnson/projects/FAO/SOSI-2026/src/extract.py:-> Download complete for ID: 14CVtchLZgGF496KmOGv8o9D43tZ70ksERfkLTzqLGJk
INFO:/Users/samirjohnson/projects/FAO/SOSI-2026/src/extract.py:-> Successfully loaded data into Pandas DataFrame.
INFO:__main__:--> Extracting source tables
INFO:/Users/samirjohnson/projects/FAO/SOSI-2026/src/extract.py:-> Extracting Update_Template_SoSI2026-Area27-upd from drive.
DEBUG:googleapiclient.discovery:URL being requested: GET https://www.googleapis.com/drive/v3/files?q=name+%3D+%27Update_Template_SoSI2026-Area27-upd%27+and+trashed+%3D+false&spaces=drive&fields=files%28id%2C+mimeType%2C+name%29&pageSize=1&alt=json
DEBUG:/Users/samirjohnson/projects/FAO/SOSI-2026/src/extract.py:-> Found file id: 1mBiVvXSEDT2D_sOg_dA4GvnGsSCL4TYWFjyKcPswMcY corresponding to file name Update_Template_SoSI2026-Area27-upd
DEBUG:/Users/samirjohnson/projects/FAO/SOSI-2026/src/extract.py:-> Downloading file content for ID: 1mBiVvXSEDT2D_sOg_dA4GvnGsSCL4TYWFjyKcPswMcY
DEBUG:googleapiclient.discovery:URL being requested: GET https://www.googleapis.com/drive/v3/files/1mBiVvXSEDT2D_sOg_dA4GvnGsSCL4TYWFjyKcPswMcY/export?mimeType=application%2Fvnd.openxmlformats-officedocument.spreadsheetml.sheet&alt=media
DEBUG:/Users/samirjohnson/projects/FAO/SOSI-2026/src/extract.py:-> Download complete for ID: 1mBiVvXSEDT2D_sOg_dA4GvnGsSCL4TYWFjyKcPswMcY
INFO:/Users/samirjohnson/projects/FAO/SOSI-2026/src/extract.py:-> Successfully loaded data into Pandas DataFrame.
INFO:__main__:--> Extracting source tables
INFO:/Users/samirjohnson/projects/FAO/SOSI-2026/src/extract.py:-> Extracting Update_Template_SoSI2026-Area31-upd from drive.
DEBUG:googleapiclient.discovery:URL being requested: GET https://www.googleapis.com/drive/v3/files?q=name+%3D+%27Update_Template_SoSI2026-Area31-upd%27+and+trashed+%3D+false&spaces=drive&fields=files%28id%2C+mimeType%2C+name%29&pageSize=1&alt=json
DEBUG:/Users/samirjohnson/projects/FAO/SOSI-2026/src/extract.py:-> Found file id: 1aNXdnP6uZNcHsFHimTJeR570Ekpe771duWvIvzDRGK0 corresponding to file name Update_Template_SoSI2026-Area31-upd
DEBUG:/Users/samirjohnson/projects/FAO/SOSI-2026/src/extract.py:-> Downloading file content for ID: 1aNXdnP6uZNcHsFHimTJeR570Ekpe771duWvIvzDRGK0
DEBUG:googleapiclient.discovery:URL being requested: GET https://www.googleapis.com/drive/v3/files/1aNXdnP6uZNcHsFHimTJeR570Ekpe771duWvIvzDRGK0/export?mimeType=application%2Fvnd.openxmlformats-officedocument.spreadsheetml.sheet&alt=media
DEBUG:/Users/samirjohnson/projects/FAO/SOSI-2026/src/extract.py:-> Download complete for ID: 1aNXdnP6uZNcHsFHimTJeR570Ekpe771duWvIvzDRGK0
INFO:/Users/samirjohnson/projects/FAO/SOSI-2026/src/extract.py:-> Successfully loaded data into Pandas DataFrame.
INFO:__main__:--> Extracting source tables
INFO:/Users/samirjohnson/projects/FAO/SOSI-2026/src/extract.py:-> Extracting Update_Template_SoSI2026-Area41-upd from drive.
DEBUG:googleapiclient.discovery:URL being requested: GET https://www.googleapis.com/drive/v3/files?q=name+%3D+%27Update_Template_SoSI2026-Area41-upd%27+and+trashed+%3D+false&spaces=drive&fields=files%28id%2C+mimeType%2C+name%29&pageSize=1&alt=json
DEBUG:/Users/samirjohnson/projects/FAO/SOSI-2026/src/extract.py:-> Found file id: 1mecn2sjEU-58Ty4J_LP3TGmtNUhnt8wEuze9w9GrJyE corresponding to file name Update_Template_SoSI2026-Area41-upd
DEBUG:/Users/samirjohnson/projects/FAO/SOSI-2026/src/extract.py:-> Downloading file content for ID: 1mecn2sjEU-58Ty4J_LP3TGmtNUhnt8wEuze9w9GrJyE
DEBUG:googleapiclient.discovery:URL being requested: GET https://www.googleapis.com/drive/v3/files/1mecn2sjEU-58Ty4J_LP3TGmtNUhnt8wEuze9w9GrJyE/export?mimeType=application%2Fvnd.openxmlformats-officedocument.spreadsheetml.sheet&alt=media
DEBUG:/Users/samirjohnson/projects/FAO/SOSI-2026/src/extract.py:-> Download complete for ID: 1mecn2sjEU-58Ty4J_LP3TGmtNUhnt8wEuze9w9GrJyE
INFO:/Users/samirjohnson/projects/FAO/SOSI-2026/src/extract.py:-> Successfully loaded data into Pandas DataFrame.
INFO:__main__:--> Extracting source tables
INFO:/Users/samirjohnson/projects/FAO/SOSI-2026/src/extract.py:-> Extracting file Aquaculture_Quantity.csv from url: https://www.fao.org/fishery/static/Data/Aquaculture_2025.1.0.zip
DEBUG:urllib3.connectionpool:Starting new HTTPS connection (1): www.fao.org:443
DEBUG:urllib3.connectionpool:https://www.fao.org:443 "GET /fishery/static/Data/Aquaculture_2025.1.0.zip HTTP/1.1" 200 2167356
INFO:/Users/samirjohnson/projects/FAO/SOSI-2026/src/extract.py:-> Successfully extracted file into Pandas DataFrame
INFO:/Users/samirjohnson/projects/FAO/SOSI-2026/src/extract.py:-> Saved file to /Users/samirjohnson/projects/FAO/SOSI-2026/.cache
INFO:__main__:--> Extracting source tables
INFO:/Users/samirjohnson/projects/FAO/SOSI-2026/src/extract.py:-> Extracting file Capture_Quantity.csv from url: https://www.fao.org/fishery/static/Data/Capture_2025.1.0.zip
DEBUG:urllib3.connectionpool:Starting new HTTPS connection (1): www.fao.org:443
DEBUG:urllib3.connectionpool:https://www.fao.org:443 "GET /fishery/static/Data/Capture_2025.1.0.zip HTTP/1.1" 200 5238950
INFO:/Users/samirjohnson/projects/FAO/SOSI-2026/src/extract.py:-> Successfully extracted file into Pandas DataFrame
INFO:/Users/samirjohnson/projects/FAO/SOSI-2026/src/extract.py:-> Saved file to /Users/samirjohnson/projects/FAO/SOSI-2026/.cache
INFO:__main__:--> Extracting source tables
INFO:/Users/samirjohnson/projects/FAO/SOSI-2026/src/extract.py:-> Extracting table from url: https://raw.githubusercontent.com/samirjohnson48/SOSI-2025/main/output/clean_data/stock_weights.xlsx
DEBUG:/Users/samirjohnson/projects/FAO/SOSI-2026/src/extract.py:Table url: https://raw.githubusercontent.com/samirjohnson48/SOSI-2025/main/output/clean_data/stock_weights.xlsx
DEBUG:/Users/samirjohnson/projects/FAO/SOSI-2026/src/extract.py:Auth token: GITHUB_ACCESS_TOKEN
DEBUG:urllib3.connectionpool:Starting new HTTPS connection (1): raw.githubusercontent.com:443
DEBUG:urllib3.connectionpool:https://raw.githubusercontent.com:443 "GET /samirjohnson48/SOSI-2025/main/output/clean_data/stock_weights.xlsx HTTP/1.1" 200 79634
INFO:/Users/samirjohnson/projects/FAO/SOSI-2026/src/extract.py:-> Successfully extracted table into Pandas DataFrame
INFO:__main__:--> Extracting source tables
INFO:/Users/samirjohnson/projects/FAO/SOSI-2026/src/extract.py:-> Extracting file ASFIS_sp_2025.csv from url: https://www.fao.org/fishery/static/ASFIS/ASFIS_sp.zip
DEBUG:urllib3.connectionpool:Starting new HTTPS connection (1): www.fao.org:443
DEBUG:urllib3.connectionpool:https://www.fao.org:443 "GET /fishery/static/ASFIS/ASFIS_sp.zip HTTP/1.1" 200 2014343
INFO:/Users/samirjohnson/projects/FAO/SOSI-2026/src/extract.py:-> Successfully extracted file into Pandas DataFrame
INFO:/Users/samirjohnson/projects/FAO/SOSI-2026/src/extract.py:-> Saved file to /Users/samirjohnson/projects/FAO/SOSI-2026/.cache
INFO:__main__:--> Extracting source tables
INFO:/Users/samirjohnson/projects/FAO/SOSI-2026/src/extract.py:-> Extracting file CL_FI_COUNTRY_GROUPS.csv from url: https://www.fao.org/fishery/static/Data/Capture_2025.1.0.zip
DEBUG:urllib3.connectionpool:Starting new HTTPS connection (1): www.fao.org:443
DEBUG:urllib3.connectionpool:https://www.fao.org:443 "GET /fishery/static/Data/Capture_2025.1.0.zip HTTP/1.1" 200 5238950
INFO:/Users/samirjohnson/projects/FAO/SOSI-2026/src/extract.py:-> Successfully extracted file into Pandas DataFrame
INFO:/Users/samirjohnson/projects/FAO/SOSI-2026/src/extract.py:-> Saved file to /Users/samirjohnson/projects/FAO/SOSI-2026/.cache
INFO:__main__:---------- Extraction Complete ----------
INFO:__main__:---------- Beginning Transformation ----------
INFO:/Users/samirjohnson/projects/FAO/SOSI-2026/src/transform.py:SOSITransformer initialized.
DEBUG:__main__:Stock reference columns: Index(['fao_area', 'isscaap_code', 'isscaap_group', 'asfis_code',
       'common_name', 'species_name', 'location', 'status_year', 'tier',
       'status', 'uncertainty', 'assessment_update', 'data_owner',
       'data_provider', 'operational_data_process', 'source_citation',
       'source_citation_url', 'grsf_short_name', 'grsf_stock_id',
       'grsf_semantic_id', 'data_provider_stock_id', 'unit_update',
       'subarea_description', 'assessment_method', 'assessment_description',
       'status_basis', 'BdivBref', 'B_refpt', 'FdivFref', 'F_refpts',
       'status_text', 'comments', 'sosi_temp_id', 'sdg_id',
       'sosi_record_type'],
      dtype='object')
INFO:__main__:Applying schema verification and transformations...
INFO:__main__:-> capture schema process
INFO:/Users/samirjohnson/projects/FAO/SOSI-2026/src/transform.py:Dropped 29415 from table: capture based on restriction: lambda col: col == "Q_tlw" for column: MEASURE
DEBUG:/Users/samirjohnson/projects/FAO/SOSI-2026/src/transform.py:         COUNTRY.UN_CODE  AREA.CODE MEASURE  VALUE SPECIES.ALPHA_3_CODE  PERIOD
1025600               32         99  Q_no_1    0.0                  MYS    1970
1025601               32         99  Q_no_1    0.0                  MYS    1971
1025602               32         99  Q_no_1    0.0                  MYS    1972
1025603               32         99  Q_no_1    0.0                  MYS    1973
1025604               32         99  Q_no_1    0.0                  MYS    1974
...                  ...        ...     ...    ...                  ...     ...
1055010              896         77  Q_no_1    0.0                  DBO    2009
1055011              896         77  Q_no_1    0.0                  DBO    2010
1055012              896         77  Q_no_1    0.0                  DBO    2011
1055013              896         77  Q_no_1    0.0                  DBO    2012
1055014              896         77  Q_no_1    0.0                  DBO    2013

[29415 rows x 6 columns]
DEBUG:/Users/samirjohnson/projects/FAO/SOSI-2026/src/transform.py:Table capture primary key ['country_un_code', 'asfis_code', 'fao_area', 'year'] passes check duplicate
DEBUG:/Users/samirjohnson/projects/FAO/SOSI-2026/src/transform.py:Table capture primary key ['country_un_code', 'asfis_code', 'fao_area', 'year'] passes check NA
INFO:__main__:-> countries schema process
DEBUG:/Users/samirjohnson/projects/FAO/SOSI-2026/src/transform.py:Table countries primary key ['country_un_code'] passes check duplicate
DEBUG:/Users/samirjohnson/projects/FAO/SOSI-2026/src/transform.py:Table countries primary key ['country_un_code'] passes check NA
INFO:__main__:-> aquaculture schema process
DEBUG:/Users/samirjohnson/projects/FAO/SOSI-2026/src/transform.py:Table aquaculture primary key ['country_un_code', 'asfis_code', 'environment_code', 'fao_area', 'year'] passes check duplicate
DEBUG:/Users/samirjohnson/projects/FAO/SOSI-2026/src/transform.py:Table aquaculture primary key ['country_un_code', 'asfis_code', 'environment_code', 'fao_area', 'year'] passes check NA
INFO:__main__:-> asfis schema process
DEBUG:/Users/samirjohnson/projects/FAO/SOSI-2026/src/transform.py:Table asfis primary key ['asfis_code'] passes check duplicate
DEBUG:/Users/samirjohnson/projects/FAO/SOSI-2026/src/transform.py:Table asfis primary key ['asfis_code'] passes check NA
INFO:__main__:-> stock_reference schema process
INFO:/Users/samirjohnson/projects/FAO/SOSI-2026/src/transform.py:Dropped 2 from table: stock_reference based on restriction: lambda col: col.str.split(";").explode().str.len().astype("Int64").eq(3) for column: asfis_code
DEBUG:/Users/samirjohnson/projects/FAO/SOSI-2026/src/transform.py:     tier fao_area  ...      isscaap_group fao_areas
216     1   fao:21  ...  Scallops, pectens      [21]
217     3   fao:21  ...  Scallops, pectens      [21]

[2 rows x 13 columns]
INFO:/Users/samirjohnson/projects/FAO/SOSI-2026/src/transform.py:Dropped 0 from table: stock_reference based on restriction: lambda col: col.isin(['U', 'M', 'O', 'X', pd.NA]) for column: status
DEBUG:/Users/samirjohnson/projects/FAO/SOSI-2026/src/transform.py:Empty DataFrame
Columns: [tier, fao_area, asfis_code, common_name, status, isscaap_code, uncertainty, location, status_year, grsf_stock_id, species_name, isscaap_group, fao_areas]
Index: []
INFO:/Users/samirjohnson/projects/FAO/SOSI-2026/src/transform.py:Dropped 0 from table: stock_reference based on restriction: lambda col: (col.isin(['L', 'M', 'H', pd.NA])) for column: uncertainty
DEBUG:/Users/samirjohnson/projects/FAO/SOSI-2026/src/transform.py:Empty DataFrame
Columns: [tier, fao_area, asfis_code, common_name, status, isscaap_code, uncertainty, location, status_year, grsf_stock_id, species_name, isscaap_group, fao_areas]
Index: []
ERROR:/Users/samirjohnson/projects/FAO/SOSI-2026/src/transform.py:Table stock_reference does not have valid primary key grsf_stock_id due to check duplicate
ERROR:/Users/samirjohnson/projects/FAO/SOSI-2026/src/transform.py:Failing rows:
ERROR:/Users/samirjohnson/projects/FAO/SOSI-2026/src/transform.py:490    0c698b7b-fcfd-3ec6-b3c0-7dcd90dacf1c
210    0e8f4a69-32db-3d77-a1b6-65967adccf2a
211    0e8f4a69-32db-3d77-a1b6-65967adccf2a
212    0e8f4a69-32db-3d77-a1b6-65967adccf2a
209    0e8f4a69-32db-3d77-a1b6-65967adccf2a
                       ...                 
580                                    <NA>
581                                    <NA>
582                                    <NA>
583                                    <NA>
584                                    <NA>
Name: grsf_stock_id, Length: 74, dtype: string
INFO:__main__:---------- Beginning Extraction ----------
INFO:googleapiclient.discovery_cache:file_cache is only supported with oauth2client<4.0.0
INFO:__main__:--> Extracting source tables
INFO:/Users/samirjohnson/projects/FAO/SOSI-2026/src/extract.py:-> Extracting Update_Template_SoSI2026-Area21-upd from drive.
DEBUG:googleapiclient.discovery:URL being requested: GET https://www.googleapis.com/drive/v3/files?q=name+%3D+%27Update_Template_SoSI2026-Area21-upd%27+and+trashed+%3D+false&spaces=drive&fields=files%28id%2C+mimeType%2C+name%29&pageSize=1&alt=json
DEBUG:google_auth_httplib2:Making request: POST https://oauth2.googleapis.com/token
DEBUG:/Users/samirjohnson/projects/FAO/SOSI-2026/src/extract.py:-> Found file id: 14CVtchLZgGF496KmOGv8o9D43tZ70ksERfkLTzqLGJk corresponding to file name Update_Template_SoSI2026-Area21-upd
DEBUG:/Users/samirjohnson/projects/FAO/SOSI-2026/src/extract.py:-> Downloading file content for ID: 14CVtchLZgGF496KmOGv8o9D43tZ70ksERfkLTzqLGJk
DEBUG:googleapiclient.discovery:URL being requested: GET https://www.googleapis.com/drive/v3/files/14CVtchLZgGF496KmOGv8o9D43tZ70ksERfkLTzqLGJk/export?mimeType=application%2Fvnd.openxmlformats-officedocument.spreadsheetml.sheet&alt=media
INFO:__main__:---------- Beginning Extraction ----------
INFO:googleapiclient.discovery_cache:file_cache is only supported with oauth2client<4.0.0
INFO:__main__:--> Extracting source tables
INFO:__main__:--> Extracting source tables
INFO:__main__:--> Extracting source tables
INFO:__main__:--> Extracting source tables
INFO:__main__:--> Extracting source tables
INFO:__main__:--> Extracting source tables
INFO:__main__:--> Extracting source tables
INFO:__main__:--> Extracting source tables
INFO:__main__:--> Extracting source tables
INFO:__main__:---------- Extraction Complete ----------
INFO:__main__:---------- Beginning Transformation ----------
INFO:/Users/samirjohnson/projects/FAO/SOSI-2026/src/transform.py:SOSITransformer initialized.
DEBUG:__main__:Stock reference columns: Index(['Unnamed: 0', 'fao_area', 'isscaap_code', 'isscaap_group', 'asfis_code',
       'common_name', 'species_name', 'location', 'status_year', 'tier',
       'status', 'uncertainty', 'assessment_update', 'data_owner',
       'data_provider', 'operational_data_process', 'source_citation',
       'source_citation_url', 'grsf_short_name', 'grsf_stock_id',
       'grsf_semantic_id', 'data_provider_stock_id', 'unit_update',
       'subarea_description', 'assessment_method', 'assessment_description',
       'status_basis', 'BdivBref', 'B_refpt', 'FdivFref', 'F_refpts',
       'status_text', 'comments', 'sosi_temp_id', 'sdg_id',
       'sosi_record_type'],
      dtype='object')
INFO:__main__:Applying schema verification and transformations...
INFO:__main__:-> capture schema process
INFO:/Users/samirjohnson/projects/FAO/SOSI-2026/src/transform.py:Dropped 29415 from table: capture based on restriction: lambda col: col == "Q_tlw" for column: MEASURE
DEBUG:/Users/samirjohnson/projects/FAO/SOSI-2026/src/transform.py:         VALUE  AREA.CODE  COUNTRY.UN_CODE SPECIES.ALPHA_3_CODE  PERIOD MEASURE
1025600    0.0         99               32                  MYS    1970  Q_no_1
1025601    0.0         99               32                  MYS    1971  Q_no_1
1025602    0.0         99               32                  MYS    1972  Q_no_1
1025603    0.0         99               32                  MYS    1973  Q_no_1
1025604    0.0         99               32                  MYS    1974  Q_no_1
...        ...        ...              ...                  ...     ...     ...
1055010    0.0         77              896                  DBO    2009  Q_no_1
1055011    0.0         77              896                  DBO    2010  Q_no_1
1055012    0.0         77              896                  DBO    2011  Q_no_1
1055013    0.0         77              896                  DBO    2012  Q_no_1
1055014    0.0         77              896                  DBO    2013  Q_no_1

[29415 rows x 6 columns]
DEBUG:/Users/samirjohnson/projects/FAO/SOSI-2026/src/transform.py:Table capture primary key ['country_un_code', 'asfis_code', 'fao_area', 'year'] passes check duplicate
DEBUG:/Users/samirjohnson/projects/FAO/SOSI-2026/src/transform.py:Table capture primary key ['country_un_code', 'asfis_code', 'fao_area', 'year'] passes check NA
INFO:__main__:-> countries schema process
DEBUG:/Users/samirjohnson/projects/FAO/SOSI-2026/src/transform.py:Table countries primary key ['country_un_code'] passes check duplicate
DEBUG:/Users/samirjohnson/projects/FAO/SOSI-2026/src/transform.py:Table countries primary key ['country_un_code'] passes check NA
INFO:__main__:-> aquaculture schema process
DEBUG:/Users/samirjohnson/projects/FAO/SOSI-2026/src/transform.py:Table aquaculture primary key ['country_un_code', 'asfis_code', 'environment_code', 'fao_area', 'year'] passes check duplicate
DEBUG:/Users/samirjohnson/projects/FAO/SOSI-2026/src/transform.py:Table aquaculture primary key ['country_un_code', 'asfis_code', 'environment_code', 'fao_area', 'year'] passes check NA
INFO:__main__:-> asfis schema process
DEBUG:/Users/samirjohnson/projects/FAO/SOSI-2026/src/transform.py:Table asfis primary key ['asfis_code'] passes check duplicate
DEBUG:/Users/samirjohnson/projects/FAO/SOSI-2026/src/transform.py:Table asfis primary key ['asfis_code'] passes check NA
INFO:__main__:-> stock_reference schema process
INFO:/Users/samirjohnson/projects/FAO/SOSI-2026/src/transform.py:Dropped 2 from table: stock_reference based on restriction: lambda col: col.str.split(";").explode().str.len().astype("Int64").eq(3) for column: asfis_code
DEBUG:/Users/samirjohnson/projects/FAO/SOSI-2026/src/transform.py:    asfis_code  status_year fao_area  ... grsf_stock_id      isscaap_group fao_areas
216   SCA, ISC         2022   fao:21  ...          <NA>  Scallops, pectens      [21]
217   SCA, ISC         2022   fao:21  ...          <NA>  Scallops, pectens      [21]

[2 rows x 13 columns]
INFO:/Users/samirjohnson/projects/FAO/SOSI-2026/src/transform.py:Dropped 0 from table: stock_reference based on restriction: lambda col: col.isin(['U', 'M', 'O', 'X', pd.NA]) for column: status
DEBUG:/Users/samirjohnson/projects/FAO/SOSI-2026/src/transform.py:Empty DataFrame
Columns: [asfis_code, status_year, fao_area, status, uncertainty, common_name, species_name, isscaap_code, tier, location, grsf_stock_id, isscaap_group, fao_areas]
Index: []
INFO:/Users/samirjohnson/projects/FAO/SOSI-2026/src/transform.py:Dropped 0 from table: stock_reference based on restriction: lambda col: (col.isin(['L', 'M', 'H', pd.NA])) for column: uncertainty
DEBUG:/Users/samirjohnson/projects/FAO/SOSI-2026/src/transform.py:Empty DataFrame
Columns: [asfis_code, status_year, fao_area, status, uncertainty, common_name, species_name, isscaap_code, tier, location, grsf_stock_id, isscaap_group, fao_areas]
Index: []
ERROR:/Users/samirjohnson/projects/FAO/SOSI-2026/src/transform.py:Table stock_reference does not have valid primary key grsf_stock_id due to check duplicate
ERROR:/Users/samirjohnson/projects/FAO/SOSI-2026/src/transform.py:Failing rows:
ERROR:/Users/samirjohnson/projects/FAO/SOSI-2026/src/transform.py:490    0c698b7b-fcfd-3ec6-b3c0-7dcd90dacf1c
210    0e8f4a69-32db-3d77-a1b6-65967adccf2a
211    0e8f4a69-32db-3d77-a1b6-65967adccf2a
212    0e8f4a69-32db-3d77-a1b6-65967adccf2a
209    0e8f4a69-32db-3d77-a1b6-65967adccf2a
                       ...                 
580                                    <NA>
581                                    <NA>
582                                    <NA>
583                                    <NA>
584                                    <NA>
Name: grsf_stock_id, Length: 74, dtype: string
INFO:__main__:---------- Beginning Extraction ----------
INFO:googleapiclient.discovery_cache:file_cache is only supported with oauth2client<4.0.0
INFO:__main__:--> Extracting source tables
INFO:__main__:--> Extracting source tables
INFO:__main__:--> Extracting source tables
INFO:__main__:--> Extracting source tables
INFO:__main__:--> Extracting source tables
INFO:__main__:--> Extracting source tables
INFO:__main__:--> Extracting source tables
INFO:__main__:--> Extracting source tables
INFO:__main__:---------- Extraction Complete ----------
INFO:__main__:---------- Beginning Transformation ----------
INFO:/Users/samirjohnson/projects/FAO/SOSI-2026/src/transform.py:SOSITransformer initialized.
DEBUG:__main__:Stock reference columns: Index(['Unnamed: 0', 'fao_area', 'isscaap_code', 'isscaap_group', 'asfis_code',
       'common_name', 'species_name', 'location', 'status_year', 'tier',
       'status', 'uncertainty', 'assessment_update', 'data_owner',
       'data_provider', 'operational_data_process', 'source_citation',
       'source_citation_url', 'grsf_short_name', 'grsf_stock_id',
       'grsf_semantic_id', 'data_provider_stock_id', 'unit_update',
       'subarea_description', 'assessment_method', 'assessment_description',
       'status_basis', 'BdivBref', 'B_refpt', 'FdivFref', 'F_refpts',
       'status_text', 'comments', 'sosi_temp_id', 'sdg_id',
       'sosi_record_type'],
      dtype='object')
INFO:__main__:Applying schema verification and transformations...
INFO:__main__:-> capture schema process
INFO:/Users/samirjohnson/projects/FAO/SOSI-2026/src/transform.py:Dropped 29415 from table: capture based on restriction: lambda col: col == "Q_tlw" for column: MEASURE
DEBUG:/Users/samirjohnson/projects/FAO/SOSI-2026/src/transform.py:        MEASURE  PERIOD  AREA.CODE SPECIES.ALPHA_3_CODE  VALUE  COUNTRY.UN_CODE
1025600  Q_no_1    1970         99                  MYS    0.0               32
1025601  Q_no_1    1971         99                  MYS    0.0               32
1025602  Q_no_1    1972         99                  MYS    0.0               32
1025603  Q_no_1    1973         99                  MYS    0.0               32
1025604  Q_no_1    1974         99                  MYS    0.0               32
...         ...     ...        ...                  ...    ...              ...
1055010  Q_no_1    2009         77                  DBO    0.0              896
1055011  Q_no_1    2010         77                  DBO    0.0              896
1055012  Q_no_1    2011         77                  DBO    0.0              896
1055013  Q_no_1    2012         77                  DBO    0.0              896
1055014  Q_no_1    2013         77                  DBO    0.0              896

[29415 rows x 6 columns]
DEBUG:/Users/samirjohnson/projects/FAO/SOSI-2026/src/transform.py:Table capture primary key ['country_un_code', 'asfis_code', 'fao_area', 'year'] passes check duplicate
DEBUG:/Users/samirjohnson/projects/FAO/SOSI-2026/src/transform.py:Table capture primary key ['country_un_code', 'asfis_code', 'fao_area', 'year'] passes check NA
INFO:__main__:-> countries schema process
DEBUG:/Users/samirjohnson/projects/FAO/SOSI-2026/src/transform.py:Table countries primary key ['country_un_code'] passes check duplicate
DEBUG:/Users/samirjohnson/projects/FAO/SOSI-2026/src/transform.py:Table countries primary key ['country_un_code'] passes check NA
INFO:__main__:-> aquaculture schema process
DEBUG:/Users/samirjohnson/projects/FAO/SOSI-2026/src/transform.py:Table aquaculture primary key ['country_un_code', 'asfis_code', 'environment_code', 'fao_area', 'year'] passes check duplicate
DEBUG:/Users/samirjohnson/projects/FAO/SOSI-2026/src/transform.py:Table aquaculture primary key ['country_un_code', 'asfis_code', 'environment_code', 'fao_area', 'year'] passes check NA
INFO:__main__:-> asfis schema process
DEBUG:/Users/samirjohnson/projects/FAO/SOSI-2026/src/transform.py:Table asfis primary key ['asfis_code'] passes check duplicate
DEBUG:/Users/samirjohnson/projects/FAO/SOSI-2026/src/transform.py:Table asfis primary key ['asfis_code'] passes check NA
INFO:__main__:-> stock_reference schema process
INFO:/Users/samirjohnson/projects/FAO/SOSI-2026/src/transform.py:Dropped 0 from table: stock_reference based on restriction: lambda col: col.str.split(";").explode().str.len().astype("Int64").eq(3) for column: asfis_code
DEBUG:/Users/samirjohnson/projects/FAO/SOSI-2026/src/transform.py:Empty DataFrame
Columns: [common_name, species_name, status, status_year, asfis_code, isscaap_code, isscaap_group, location, grsf_stock_id, fao_area, tier, uncertainty, fao_areas]
Index: []
INFO:/Users/samirjohnson/projects/FAO/SOSI-2026/src/transform.py:Dropped 0 from table: stock_reference based on restriction: lambda col: col.isin(['U', 'M', 'O', 'X', pd.NA]) for column: status
DEBUG:/Users/samirjohnson/projects/FAO/SOSI-2026/src/transform.py:Empty DataFrame
Columns: [common_name, species_name, status, status_year, asfis_code, isscaap_code, isscaap_group, location, grsf_stock_id, fao_area, tier, uncertainty, fao_areas]
Index: []
INFO:/Users/samirjohnson/projects/FAO/SOSI-2026/src/transform.py:Dropped 0 from table: stock_reference based on restriction: lambda col: (col.isin(['L', 'M', 'H', pd.NA])) for column: uncertainty
DEBUG:/Users/samirjohnson/projects/FAO/SOSI-2026/src/transform.py:Empty DataFrame
Columns: [common_name, species_name, status, status_year, asfis_code, isscaap_code, isscaap_group, location, grsf_stock_id, fao_area, tier, uncertainty, fao_areas]
Index: []
ERROR:/Users/samirjohnson/projects/FAO/SOSI-2026/src/transform.py:Table stock_reference does not have valid primary key grsf_stock_id due to check duplicate
ERROR:/Users/samirjohnson/projects/FAO/SOSI-2026/src/transform.py:Failing rows:
ERROR:/Users/samirjohnson/projects/FAO/SOSI-2026/src/transform.py:231    <NA>
232    <NA>
233    <NA>
337    <NA>
338    <NA>
339    <NA>
340    <NA>
341    <NA>
342    <NA>
343    <NA>
344    <NA>
Name: grsf_stock_id, dtype: string
INFO:__main__:---------- Beginning Extraction ----------
INFO:googleapiclient.discovery_cache:file_cache is only supported with oauth2client<4.0.0
INFO:__main__:--> Extracting source tables
INFO:/Users/samirjohnson/projects/FAO/SOSI-2026/src/extract.py:-> Extracting Update_Template_SoSI2026-Area27-upd from drive.
DEBUG:googleapiclient.discovery:URL being requested: GET https://www.googleapis.com/drive/v3/files?q=name+%3D+%27Update_Template_SoSI2026-Area27-upd%27+and+trashed+%3D+false&spaces=drive&fields=files%28id%2C+mimeType%2C+name%29&pageSize=1&alt=json
DEBUG:google_auth_httplib2:Making request: POST https://oauth2.googleapis.com/token
DEBUG:/Users/samirjohnson/projects/FAO/SOSI-2026/src/extract.py:-> Found file id: 1mBiVvXSEDT2D_sOg_dA4GvnGsSCL4TYWFjyKcPswMcY corresponding to file name Update_Template_SoSI2026-Area27-upd
DEBUG:/Users/samirjohnson/projects/FAO/SOSI-2026/src/extract.py:-> Downloading file content for ID: 1mBiVvXSEDT2D_sOg_dA4GvnGsSCL4TYWFjyKcPswMcY
DEBUG:googleapiclient.discovery:URL being requested: GET https://www.googleapis.com/drive/v3/files/1mBiVvXSEDT2D_sOg_dA4GvnGsSCL4TYWFjyKcPswMcY/export?mimeType=application%2Fvnd.openxmlformats-officedocument.spreadsheetml.sheet&alt=media
DEBUG:/Users/samirjohnson/projects/FAO/SOSI-2026/src/extract.py:-> Download complete for ID: 1mBiVvXSEDT2D_sOg_dA4GvnGsSCL4TYWFjyKcPswMcY
INFO:/Users/samirjohnson/projects/FAO/SOSI-2026/src/extract.py:-> Successfully loaded data into Pandas DataFrame.
INFO:__main__:--> Extracting source tables
INFO:/Users/samirjohnson/projects/FAO/SOSI-2026/src/extract.py:-> Extracting Update_Template_SoSI2026-Area31-upd from drive.
DEBUG:googleapiclient.discovery:URL being requested: GET https://www.googleapis.com/drive/v3/files?q=name+%3D+%27Update_Template_SoSI2026-Area31-upd%27+and+trashed+%3D+false&spaces=drive&fields=files%28id%2C+mimeType%2C+name%29&pageSize=1&alt=json
DEBUG:/Users/samirjohnson/projects/FAO/SOSI-2026/src/extract.py:-> Found file id: 1aNXdnP6uZNcHsFHimTJeR570Ekpe771duWvIvzDRGK0 corresponding to file name Update_Template_SoSI2026-Area31-upd
DEBUG:/Users/samirjohnson/projects/FAO/SOSI-2026/src/extract.py:-> Downloading file content for ID: 1aNXdnP6uZNcHsFHimTJeR570Ekpe771duWvIvzDRGK0
DEBUG:googleapiclient.discovery:URL being requested: GET https://www.googleapis.com/drive/v3/files/1aNXdnP6uZNcHsFHimTJeR570Ekpe771duWvIvzDRGK0/export?mimeType=application%2Fvnd.openxmlformats-officedocument.spreadsheetml.sheet&alt=media
DEBUG:/Users/samirjohnson/projects/FAO/SOSI-2026/src/extract.py:-> Download complete for ID: 1aNXdnP6uZNcHsFHimTJeR570Ekpe771duWvIvzDRGK0
INFO:/Users/samirjohnson/projects/FAO/SOSI-2026/src/extract.py:-> Successfully loaded data into Pandas DataFrame.
INFO:__main__:--> Extracting source tables
INFO:/Users/samirjohnson/projects/FAO/SOSI-2026/src/extract.py:-> Extracting Update_Template_SoSI2026-Area41-upd from drive.
DEBUG:googleapiclient.discovery:URL being requested: GET https://www.googleapis.com/drive/v3/files?q=name+%3D+%27Update_Template_SoSI2026-Area41-upd%27+and+trashed+%3D+false&spaces=drive&fields=files%28id%2C+mimeType%2C+name%29&pageSize=1&alt=json
DEBUG:/Users/samirjohnson/projects/FAO/SOSI-2026/src/extract.py:-> Found file id: 1mecn2sjEU-58Ty4J_LP3TGmtNUhnt8wEuze9w9GrJyE corresponding to file name Update_Template_SoSI2026-Area41-upd
DEBUG:/Users/samirjohnson/projects/FAO/SOSI-2026/src/extract.py:-> Downloading file content for ID: 1mecn2sjEU-58Ty4J_LP3TGmtNUhnt8wEuze9w9GrJyE
DEBUG:googleapiclient.discovery:URL being requested: GET https://www.googleapis.com/drive/v3/files/1mecn2sjEU-58Ty4J_LP3TGmtNUhnt8wEuze9w9GrJyE/export?mimeType=application%2Fvnd.openxmlformats-officedocument.spreadsheetml.sheet&alt=media
DEBUG:/Users/samirjohnson/projects/FAO/SOSI-2026/src/extract.py:-> Download complete for ID: 1mecn2sjEU-58Ty4J_LP3TGmtNUhnt8wEuze9w9GrJyE
INFO:/Users/samirjohnson/projects/FAO/SOSI-2026/src/extract.py:-> Successfully loaded data into Pandas DataFrame.
INFO:__main__:--> Extracting source tables
INFO:/Users/samirjohnson/projects/FAO/SOSI-2026/src/extract.py:-> Extracting file Aquaculture_Quantity.csv from url: https://www.fao.org/fishery/static/Data/Aquaculture_2025.1.0.zip
DEBUG:urllib3.connectionpool:Starting new HTTPS connection (1): www.fao.org:443
DEBUG:urllib3.connectionpool:https://www.fao.org:443 "GET /fishery/static/Data/Aquaculture_2025.1.0.zip HTTP/1.1" 200 2167356
INFO:/Users/samirjohnson/projects/FAO/SOSI-2026/src/extract.py:-> Successfully extracted file into Pandas DataFrame
INFO:/Users/samirjohnson/projects/FAO/SOSI-2026/src/extract.py:-> Saved file to /Users/samirjohnson/projects/FAO/SOSI-2026/.cache
INFO:__main__:--> Extracting source tables
INFO:/Users/samirjohnson/projects/FAO/SOSI-2026/src/extract.py:-> Extracting file Capture_Quantity.csv from url: https://www.fao.org/fishery/static/Data/Capture_2025.1.0.zip
DEBUG:urllib3.connectionpool:Starting new HTTPS connection (1): www.fao.org:443
DEBUG:urllib3.connectionpool:https://www.fao.org:443 "GET /fishery/static/Data/Capture_2025.1.0.zip HTTP/1.1" 200 5238950
INFO:/Users/samirjohnson/projects/FAO/SOSI-2026/src/extract.py:-> Successfully extracted file into Pandas DataFrame
INFO:/Users/samirjohnson/projects/FAO/SOSI-2026/src/extract.py:-> Saved file to /Users/samirjohnson/projects/FAO/SOSI-2026/.cache
INFO:__main__:--> Extracting source tables
INFO:/Users/samirjohnson/projects/FAO/SOSI-2026/src/extract.py:-> Extracting table from url: https://raw.githubusercontent.com/samirjohnson48/SOSI-2025/main/output/clean_data/stock_weights.xlsx
DEBUG:/Users/samirjohnson/projects/FAO/SOSI-2026/src/extract.py:Table url: https://raw.githubusercontent.com/samirjohnson48/SOSI-2025/main/output/clean_data/stock_weights.xlsx
DEBUG:/Users/samirjohnson/projects/FAO/SOSI-2026/src/extract.py:Auth token: GITHUB_ACCESS_TOKEN
DEBUG:urllib3.connectionpool:Starting new HTTPS connection (1): raw.githubusercontent.com:443
DEBUG:urllib3.connectionpool:https://raw.githubusercontent.com:443 "GET /samirjohnson48/SOSI-2025/main/output/clean_data/stock_weights.xlsx HTTP/1.1" 200 79634
INFO:/Users/samirjohnson/projects/FAO/SOSI-2026/src/extract.py:-> Successfully extracted table into Pandas DataFrame
INFO:__main__:--> Extracting source tables
INFO:/Users/samirjohnson/projects/FAO/SOSI-2026/src/extract.py:-> Extracting file ASFIS_sp_2025.csv from url: https://www.fao.org/fishery/static/ASFIS/ASFIS_sp.zip
DEBUG:urllib3.connectionpool:Starting new HTTPS connection (1): www.fao.org:443
DEBUG:urllib3.connectionpool:https://www.fao.org:443 "GET /fishery/static/ASFIS/ASFIS_sp.zip HTTP/1.1" 200 2014343
INFO:/Users/samirjohnson/projects/FAO/SOSI-2026/src/extract.py:-> Successfully extracted file into Pandas DataFrame
INFO:/Users/samirjohnson/projects/FAO/SOSI-2026/src/extract.py:-> Saved file to /Users/samirjohnson/projects/FAO/SOSI-2026/.cache
INFO:__main__:--> Extracting source tables
INFO:/Users/samirjohnson/projects/FAO/SOSI-2026/src/extract.py:-> Extracting file CL_FI_COUNTRY_GROUPS.csv from url: https://www.fao.org/fishery/static/Data/Capture_2025.1.0.zip
DEBUG:urllib3.connectionpool:Starting new HTTPS connection (1): www.fao.org:443
DEBUG:urllib3.connectionpool:https://www.fao.org:443 "GET /fishery/static/Data/Capture_2025.1.0.zip HTTP/1.1" 200 5238950
INFO:/Users/samirjohnson/projects/FAO/SOSI-2026/src/extract.py:-> Successfully extracted file into Pandas DataFrame
INFO:/Users/samirjohnson/projects/FAO/SOSI-2026/src/extract.py:-> Saved file to /Users/samirjohnson/projects/FAO/SOSI-2026/.cache
INFO:__main__:---------- Extraction Complete ----------
INFO:__main__:---------- Beginning Transformation ----------
INFO:/Users/samirjohnson/projects/FAO/SOSI-2026/src/transform.py:SOSITransformer initialized.
DEBUG:__main__:Stock reference columns: Index(['fao_area', 'isscaap_code', 'isscaap_group', 'asfis_code',
       'common_name', 'species_name', 'location', 'status_year', 'tier',
       'status', 'uncertainty', 'assessment_update', 'data_owner',
       'data_provider', 'operational_data_process', 'source_citation',
       'source_citation_url', 'grsf_short_name', 'grsf_stock_id',
       'grsf_semantic_id', 'data_provider_stock_id', 'unit_update',
       'subarea_description', 'assessment_method', 'assessment_description',
       'status_basis', 'BdivBref', 'B_refpt', 'FdivFref', 'F_refpts',
       'status_text', 'comments', 'sosi_temp_id', 'sdg_id',
       'sosi_record_type'],
      dtype='object')
INFO:__main__:Applying schema verification and transformations...
INFO:__main__:-> capture schema process
INFO:/Users/samirjohnson/projects/FAO/SOSI-2026/src/transform.py:Dropped 29415 from table: capture based on restriction: lambda col: col == "Q_tlw" for column: MEASURE
DEBUG:/Users/samirjohnson/projects/FAO/SOSI-2026/src/transform.py:        MEASURE  AREA.CODE  PERIOD SPECIES.ALPHA_3_CODE  COUNTRY.UN_CODE  VALUE
1025600  Q_no_1         99    1970                  MYS               32    0.0
1025601  Q_no_1         99    1971                  MYS               32    0.0
1025602  Q_no_1         99    1972                  MYS               32    0.0
1025603  Q_no_1         99    1973                  MYS               32    0.0
1025604  Q_no_1         99    1974                  MYS               32    0.0
...         ...        ...     ...                  ...              ...    ...
1055010  Q_no_1         77    2009                  DBO              896    0.0
1055011  Q_no_1         77    2010                  DBO              896    0.0
1055012  Q_no_1         77    2011                  DBO              896    0.0
1055013  Q_no_1         77    2012                  DBO              896    0.0
1055014  Q_no_1         77    2013                  DBO              896    0.0

[29415 rows x 6 columns]
DEBUG:/Users/samirjohnson/projects/FAO/SOSI-2026/src/transform.py:Table capture primary key ['country_un_code', 'asfis_code', 'fao_area', 'year'] passes check duplicate
DEBUG:/Users/samirjohnson/projects/FAO/SOSI-2026/src/transform.py:Table capture primary key ['country_un_code', 'asfis_code', 'fao_area', 'year'] passes check NA
INFO:__main__:-> countries schema process
DEBUG:/Users/samirjohnson/projects/FAO/SOSI-2026/src/transform.py:Table countries primary key ['country_un_code'] passes check duplicate
DEBUG:/Users/samirjohnson/projects/FAO/SOSI-2026/src/transform.py:Table countries primary key ['country_un_code'] passes check NA
INFO:__main__:-> aquaculture schema process
DEBUG:/Users/samirjohnson/projects/FAO/SOSI-2026/src/transform.py:Table aquaculture primary key ['country_un_code', 'asfis_code', 'environment_code', 'fao_area', 'year'] passes check duplicate
DEBUG:/Users/samirjohnson/projects/FAO/SOSI-2026/src/transform.py:Table aquaculture primary key ['country_un_code', 'asfis_code', 'environment_code', 'fao_area', 'year'] passes check NA
INFO:__main__:-> asfis schema process
DEBUG:/Users/samirjohnson/projects/FAO/SOSI-2026/src/transform.py:Table asfis primary key ['asfis_code'] passes check duplicate
DEBUG:/Users/samirjohnson/projects/FAO/SOSI-2026/src/transform.py:Table asfis primary key ['asfis_code'] passes check NA
INFO:__main__:-> stock_reference schema process
INFO:/Users/samirjohnson/projects/FAO/SOSI-2026/src/transform.py:Dropped 0 from table: stock_reference based on restriction: lambda col: col.str.split(";").explode().str.len().astype("Int64").eq(3) for column: asfis_code
DEBUG:/Users/samirjohnson/projects/FAO/SOSI-2026/src/transform.py:Empty DataFrame
Columns: [tier, asfis_code, grsf_stock_id, fao_area, common_name, status_year, status, uncertainty, location, species_name, isscaap_group, isscaap_code, fao_areas]
Index: []
INFO:/Users/samirjohnson/projects/FAO/SOSI-2026/src/transform.py:Dropped 0 from table: stock_reference based on restriction: lambda col: col.isin(['U', 'M', 'O', 'X', pd.NA]) for column: status
DEBUG:/Users/samirjohnson/projects/FAO/SOSI-2026/src/transform.py:Empty DataFrame
Columns: [tier, asfis_code, grsf_stock_id, fao_area, common_name, status_year, status, uncertainty, location, species_name, isscaap_group, isscaap_code, fao_areas]
Index: []
INFO:/Users/samirjohnson/projects/FAO/SOSI-2026/src/transform.py:Dropped 0 from table: stock_reference based on restriction: lambda col: (col.isin(['L', 'M', 'H', pd.NA])) for column: uncertainty
DEBUG:/Users/samirjohnson/projects/FAO/SOSI-2026/src/transform.py:Empty DataFrame
Columns: [tier, asfis_code, grsf_stock_id, fao_area, common_name, status_year, status, uncertainty, location, species_name, isscaap_group, isscaap_code, fao_areas]
Index: []
INFO:__main__:---------- Beginning Extraction ----------
INFO:googleapiclient.discovery_cache:file_cache is only supported with oauth2client<4.0.0
INFO:__main__:--> Extracting source tables
INFO:/Users/samirjohnson/projects/FAO/SOSI-2026/src/extract.py:-> Extracting Update_Template_SoSI2026-Area27-upd from drive.
DEBUG:googleapiclient.discovery:URL being requested: GET https://www.googleapis.com/drive/v3/files?q=name+%3D+%27Update_Template_SoSI2026-Area27-upd%27+and+trashed+%3D+false&spaces=drive&fields=files%28id%2C+mimeType%2C+name%29&pageSize=1&alt=json
DEBUG:google_auth_httplib2:Making request: POST https://oauth2.googleapis.com/token
DEBUG:/Users/samirjohnson/projects/FAO/SOSI-2026/src/extract.py:-> Found file id: 1mBiVvXSEDT2D_sOg_dA4GvnGsSCL4TYWFjyKcPswMcY corresponding to file name Update_Template_SoSI2026-Area27-upd
DEBUG:/Users/samirjohnson/projects/FAO/SOSI-2026/src/extract.py:-> Downloading file content for ID: 1mBiVvXSEDT2D_sOg_dA4GvnGsSCL4TYWFjyKcPswMcY
DEBUG:googleapiclient.discovery:URL being requested: GET https://www.googleapis.com/drive/v3/files/1mBiVvXSEDT2D_sOg_dA4GvnGsSCL4TYWFjyKcPswMcY/export?mimeType=application%2Fvnd.openxmlformats-officedocument.spreadsheetml.sheet&alt=media
DEBUG:/Users/samirjohnson/projects/FAO/SOSI-2026/src/extract.py:-> Download complete for ID: 1mBiVvXSEDT2D_sOg_dA4GvnGsSCL4TYWFjyKcPswMcY
INFO:/Users/samirjohnson/projects/FAO/SOSI-2026/src/extract.py:-> Successfully loaded data into Pandas DataFrame.
INFO:__main__:--> Extracting source tables
INFO:/Users/samirjohnson/projects/FAO/SOSI-2026/src/extract.py:-> Extracting Update_Template_SoSI2026-Area31-upd from drive.
DEBUG:googleapiclient.discovery:URL being requested: GET https://www.googleapis.com/drive/v3/files?q=name+%3D+%27Update_Template_SoSI2026-Area31-upd%27+and+trashed+%3D+false&spaces=drive&fields=files%28id%2C+mimeType%2C+name%29&pageSize=1&alt=json
DEBUG:/Users/samirjohnson/projects/FAO/SOSI-2026/src/extract.py:-> Found file id: 1aNXdnP6uZNcHsFHimTJeR570Ekpe771duWvIvzDRGK0 corresponding to file name Update_Template_SoSI2026-Area31-upd
DEBUG:/Users/samirjohnson/projects/FAO/SOSI-2026/src/extract.py:-> Downloading file content for ID: 1aNXdnP6uZNcHsFHimTJeR570Ekpe771duWvIvzDRGK0
DEBUG:googleapiclient.discovery:URL being requested: GET https://www.googleapis.com/drive/v3/files/1aNXdnP6uZNcHsFHimTJeR570Ekpe771duWvIvzDRGK0/export?mimeType=application%2Fvnd.openxmlformats-officedocument.spreadsheetml.sheet&alt=media
DEBUG:/Users/samirjohnson/projects/FAO/SOSI-2026/src/extract.py:-> Download complete for ID: 1aNXdnP6uZNcHsFHimTJeR570Ekpe771duWvIvzDRGK0
INFO:/Users/samirjohnson/projects/FAO/SOSI-2026/src/extract.py:-> Successfully loaded data into Pandas DataFrame.
INFO:__main__:--> Extracting source tables
INFO:/Users/samirjohnson/projects/FAO/SOSI-2026/src/extract.py:-> Extracting Update_Template_SoSI2026-Area41-upd from drive.
DEBUG:googleapiclient.discovery:URL being requested: GET https://www.googleapis.com/drive/v3/files?q=name+%3D+%27Update_Template_SoSI2026-Area41-upd%27+and+trashed+%3D+false&spaces=drive&fields=files%28id%2C+mimeType%2C+name%29&pageSize=1&alt=json
DEBUG:/Users/samirjohnson/projects/FAO/SOSI-2026/src/extract.py:-> Found file id: 1mecn2sjEU-58Ty4J_LP3TGmtNUhnt8wEuze9w9GrJyE corresponding to file name Update_Template_SoSI2026-Area41-upd
DEBUG:/Users/samirjohnson/projects/FAO/SOSI-2026/src/extract.py:-> Downloading file content for ID: 1mecn2sjEU-58Ty4J_LP3TGmtNUhnt8wEuze9w9GrJyE
DEBUG:googleapiclient.discovery:URL being requested: GET https://www.googleapis.com/drive/v3/files/1mecn2sjEU-58Ty4J_LP3TGmtNUhnt8wEuze9w9GrJyE/export?mimeType=application%2Fvnd.openxmlformats-officedocument.spreadsheetml.sheet&alt=media
DEBUG:/Users/samirjohnson/projects/FAO/SOSI-2026/src/extract.py:-> Download complete for ID: 1mecn2sjEU-58Ty4J_LP3TGmtNUhnt8wEuze9w9GrJyE
INFO:/Users/samirjohnson/projects/FAO/SOSI-2026/src/extract.py:-> Successfully loaded data into Pandas DataFrame.
INFO:__main__:--> Extracting source tables
INFO:/Users/samirjohnson/projects/FAO/SOSI-2026/src/extract.py:-> Extracting file Aquaculture_Quantity.csv from url: https://www.fao.org/fishery/static/Data/Aquaculture_2025.1.0.zip
DEBUG:urllib3.connectionpool:Starting new HTTPS connection (1): www.fao.org:443
DEBUG:urllib3.connectionpool:https://www.fao.org:443 "GET /fishery/static/Data/Aquaculture_2025.1.0.zip HTTP/1.1" 200 2167356
INFO:/Users/samirjohnson/projects/FAO/SOSI-2026/src/extract.py:-> Successfully extracted file into Pandas DataFrame
INFO:/Users/samirjohnson/projects/FAO/SOSI-2026/src/extract.py:-> Saved file to /Users/samirjohnson/projects/FAO/SOSI-2026/.cache
INFO:__main__:--> Extracting source tables
INFO:/Users/samirjohnson/projects/FAO/SOSI-2026/src/extract.py:-> Extracting file Capture_Quantity.csv from url: https://www.fao.org/fishery/static/Data/Capture_2025.1.0.zip
DEBUG:urllib3.connectionpool:Starting new HTTPS connection (1): www.fao.org:443
DEBUG:urllib3.connectionpool:https://www.fao.org:443 "GET /fishery/static/Data/Capture_2025.1.0.zip HTTP/1.1" 200 5238950
INFO:/Users/samirjohnson/projects/FAO/SOSI-2026/src/extract.py:-> Successfully extracted file into Pandas DataFrame
INFO:/Users/samirjohnson/projects/FAO/SOSI-2026/src/extract.py:-> Saved file to /Users/samirjohnson/projects/FAO/SOSI-2026/.cache
INFO:__main__:--> Extracting source tables
INFO:/Users/samirjohnson/projects/FAO/SOSI-2026/src/extract.py:-> Extracting table from url: https://raw.githubusercontent.com/samirjohnson48/SOSI-2025/main/output/clean_data/stock_weights.xlsx
DEBUG:/Users/samirjohnson/projects/FAO/SOSI-2026/src/extract.py:Table url: https://raw.githubusercontent.com/samirjohnson48/SOSI-2025/main/output/clean_data/stock_weights.xlsx
DEBUG:/Users/samirjohnson/projects/FAO/SOSI-2026/src/extract.py:Auth token: GITHUB_ACCESS_TOKEN
DEBUG:urllib3.connectionpool:Starting new HTTPS connection (1): raw.githubusercontent.com:443
DEBUG:urllib3.connectionpool:https://raw.githubusercontent.com:443 "GET /samirjohnson48/SOSI-2025/main/output/clean_data/stock_weights.xlsx HTTP/1.1" 200 79634
INFO:/Users/samirjohnson/projects/FAO/SOSI-2026/src/extract.py:-> Successfully extracted table into Pandas DataFrame
INFO:__main__:--> Extracting source tables
INFO:/Users/samirjohnson/projects/FAO/SOSI-2026/src/extract.py:-> Extracting file ASFIS_sp_2025.csv from url: https://www.fao.org/fishery/static/ASFIS/ASFIS_sp.zip
DEBUG:urllib3.connectionpool:Starting new HTTPS connection (1): www.fao.org:443
DEBUG:urllib3.connectionpool:https://www.fao.org:443 "GET /fishery/static/ASFIS/ASFIS_sp.zip HTTP/1.1" 200 2014343
INFO:/Users/samirjohnson/projects/FAO/SOSI-2026/src/extract.py:-> Successfully extracted file into Pandas DataFrame
INFO:/Users/samirjohnson/projects/FAO/SOSI-2026/src/extract.py:-> Saved file to /Users/samirjohnson/projects/FAO/SOSI-2026/.cache
INFO:__main__:--> Extracting source tables
INFO:/Users/samirjohnson/projects/FAO/SOSI-2026/src/extract.py:-> Extracting file CL_FI_COUNTRY_GROUPS.csv from url: https://www.fao.org/fishery/static/Data/Capture_2025.1.0.zip
DEBUG:urllib3.connectionpool:Starting new HTTPS connection (1): www.fao.org:443
DEBUG:urllib3.connectionpool:https://www.fao.org:443 "GET /fishery/static/Data/Capture_2025.1.0.zip HTTP/1.1" 200 5238950
INFO:/Users/samirjohnson/projects/FAO/SOSI-2026/src/extract.py:-> Successfully extracted file into Pandas DataFrame
INFO:/Users/samirjohnson/projects/FAO/SOSI-2026/src/extract.py:-> Saved file to /Users/samirjohnson/projects/FAO/SOSI-2026/.cache
INFO:__main__:---------- Extraction Complete ----------
INFO:__main__:---------- Beginning Transformation ----------
INFO:/Users/samirjohnson/projects/FAO/SOSI-2026/src/transform.py:SOSITransformer initialized.
DEBUG:__main__:Stock reference columns: Index(['fao_area', 'isscaap_code', 'isscaap_group', 'asfis_code',
       'common_name', 'species_name', 'location', 'status_year', 'tier',
       'status', 'uncertainty', 'assessment_update', 'data_owner',
       'data_provider', 'operational_data_process', 'source_citation',
       'source_citation_url', 'grsf_short_name', 'grsf_stock_id',
       'grsf_semantic_id', 'data_provider_stock_id', 'unit_update',
       'subarea_description', 'assessment_method', 'assessment_description',
       'status_basis', 'BdivBref', 'B_refpt', 'FdivFref', 'F_refpts',
       'status_text', 'comments', 'sosi_temp_id', 'sdg_id',
       'sosi_record_type'],
      dtype='object')
INFO:__main__:Applying schema verification and transformations...
INFO:__main__:-> capture schema process
INFO:/Users/samirjohnson/projects/FAO/SOSI-2026/src/transform.py:Dropped 29415 from table: capture based on restriction: lambda col: col == "Q_tlw" for column: MEASURE
DEBUG:/Users/samirjohnson/projects/FAO/SOSI-2026/src/transform.py:         VALUE  COUNTRY.UN_CODE  AREA.CODE MEASURE  PERIOD SPECIES.ALPHA_3_CODE
1025600    0.0               32         99  Q_no_1    1970                  MYS
1025601    0.0               32         99  Q_no_1    1971                  MYS
1025602    0.0               32         99  Q_no_1    1972                  MYS
1025603    0.0               32         99  Q_no_1    1973                  MYS
1025604    0.0               32         99  Q_no_1    1974                  MYS
...        ...              ...        ...     ...     ...                  ...
1055010    0.0              896         77  Q_no_1    2009                  DBO
1055011    0.0              896         77  Q_no_1    2010                  DBO
1055012    0.0              896         77  Q_no_1    2011                  DBO
1055013    0.0              896         77  Q_no_1    2012                  DBO
1055014    0.0              896         77  Q_no_1    2013                  DBO

[29415 rows x 6 columns]
DEBUG:/Users/samirjohnson/projects/FAO/SOSI-2026/src/transform.py:Table capture primary key ['country_un_code', 'asfis_code', 'fao_area', 'year'] passes check duplicate
DEBUG:/Users/samirjohnson/projects/FAO/SOSI-2026/src/transform.py:Table capture primary key ['country_un_code', 'asfis_code', 'fao_area', 'year'] passes check NA
INFO:__main__:-> countries schema process
DEBUG:/Users/samirjohnson/projects/FAO/SOSI-2026/src/transform.py:Table countries primary key ['country_un_code'] passes check duplicate
DEBUG:/Users/samirjohnson/projects/FAO/SOSI-2026/src/transform.py:Table countries primary key ['country_un_code'] passes check NA
INFO:__main__:-> aquaculture schema process
DEBUG:/Users/samirjohnson/projects/FAO/SOSI-2026/src/transform.py:Table aquaculture primary key ['country_un_code', 'asfis_code', 'environment_code', 'fao_area', 'year'] passes check duplicate
DEBUG:/Users/samirjohnson/projects/FAO/SOSI-2026/src/transform.py:Table aquaculture primary key ['country_un_code', 'asfis_code', 'environment_code', 'fao_area', 'year'] passes check NA
INFO:__main__:-> asfis schema process
DEBUG:/Users/samirjohnson/projects/FAO/SOSI-2026/src/transform.py:Table asfis primary key ['asfis_code'] passes check duplicate
DEBUG:/Users/samirjohnson/projects/FAO/SOSI-2026/src/transform.py:Table asfis primary key ['asfis_code'] passes check NA
INFO:__main__:-> stock_reference schema process
INFO:/Users/samirjohnson/projects/FAO/SOSI-2026/src/transform.py:Dropped 0 from table: stock_reference based on restriction: lambda col: col.str.split(";").explode().str.len().astype("Int64").eq(3) for column: asfis_code
DEBUG:/Users/samirjohnson/projects/FAO/SOSI-2026/src/transform.py:Empty DataFrame
Columns: [grsf_stock_id, asfis_code, common_name, status_year, isscaap_group, tier, uncertainty, isscaap_code, status, species_name, location, fao_area, fao_areas]
Index: []
INFO:/Users/samirjohnson/projects/FAO/SOSI-2026/src/transform.py:Dropped 0 from table: stock_reference based on restriction: lambda col: col.isin(['U', 'M', 'O', 'X', pd.NA]) for column: status
DEBUG:/Users/samirjohnson/projects/FAO/SOSI-2026/src/transform.py:Empty DataFrame
Columns: [grsf_stock_id, asfis_code, common_name, status_year, isscaap_group, tier, uncertainty, isscaap_code, status, species_name, location, fao_area, fao_areas]
Index: []
INFO:/Users/samirjohnson/projects/FAO/SOSI-2026/src/transform.py:Dropped 0 from table: stock_reference based on restriction: lambda col: (col.isin(['L', 'M', 'H', pd.NA])) for column: uncertainty
DEBUG:/Users/samirjohnson/projects/FAO/SOSI-2026/src/transform.py:Empty DataFrame
Columns: [grsf_stock_id, asfis_code, common_name, status_year, isscaap_group, tier, uncertainty, isscaap_code, status, species_name, location, fao_area, fao_areas]
Index: []
INFO:__main__:---------- Beginning Extraction ----------
INFO:googleapiclient.discovery_cache:file_cache is only supported with oauth2client<4.0.0
INFO:__main__:--> Extracting source tables
INFO:__main__:--> Extracting source tables
INFO:__main__:--> Extracting source tables
INFO:__main__:--> Extracting source tables
INFO:__main__:--> Extracting source tables
INFO:__main__:--> Extracting source tables
INFO:__main__:--> Extracting source tables
INFO:__main__:--> Extracting source tables
INFO:__main__:---------- Extraction Complete ----------
INFO:__main__:---------- Beginning Transformation ----------
INFO:/Users/samirjohnson/projects/FAO/SOSI-2026/src/transform.py:SOSITransformer initialized.
DEBUG:__main__:Stock reference columns: Index(['Unnamed: 0', 'fao_area', 'isscaap_code', 'isscaap_group', 'asfis_code',
       'common_name', 'species_name', 'location', 'status_year', 'tier',
       'status', 'uncertainty', 'assessment_update', 'data_owner',
       'data_provider', 'operational_data_process', 'source_citation',
       'source_citation_url', 'grsf_short_name', 'grsf_stock_id',
       'grsf_semantic_id', 'data_provider_stock_id', 'unit_update',
       'subarea_description', 'assessment_method', 'assessment_description',
       'status_basis', 'BdivBref', 'B_refpt', 'FdivFref', 'F_refpts',
       'status_text', 'comments', 'sosi_temp_id', 'sdg_id',
       'sosi_record_type'],
      dtype='object')
INFO:__main__:Applying schema verification and transformations...
INFO:__main__:-> capture schema process
INFO:/Users/samirjohnson/projects/FAO/SOSI-2026/src/transform.py:Dropped 29415 from table: capture based on restriction: lambda col: col == "Q_tlw" for column: MEASURE
DEBUG:/Users/samirjohnson/projects/FAO/SOSI-2026/src/transform.py:        SPECIES.ALPHA_3_CODE  AREA.CODE MEASURE  COUNTRY.UN_CODE  VALUE  PERIOD
1025600                  MYS         99  Q_no_1               32    0.0    1970
1025601                  MYS         99  Q_no_1               32    0.0    1971
1025602                  MYS         99  Q_no_1               32    0.0    1972
1025603                  MYS         99  Q_no_1               32    0.0    1973
1025604                  MYS         99  Q_no_1               32    0.0    1974
...                      ...        ...     ...              ...    ...     ...
1055010                  DBO         77  Q_no_1              896    0.0    2009
1055011                  DBO         77  Q_no_1              896    0.0    2010
1055012                  DBO         77  Q_no_1              896    0.0    2011
1055013                  DBO         77  Q_no_1              896    0.0    2012
1055014                  DBO         77  Q_no_1              896    0.0    2013

[29415 rows x 6 columns]
DEBUG:/Users/samirjohnson/projects/FAO/SOSI-2026/src/transform.py:Table capture primary key ['country_un_code', 'asfis_code', 'fao_area', 'year'] passes check duplicate
DEBUG:/Users/samirjohnson/projects/FAO/SOSI-2026/src/transform.py:Table capture primary key ['country_un_code', 'asfis_code', 'fao_area', 'year'] passes check NA
INFO:__main__:-> countries schema process
DEBUG:/Users/samirjohnson/projects/FAO/SOSI-2026/src/transform.py:Table countries primary key ['country_un_code'] passes check duplicate
DEBUG:/Users/samirjohnson/projects/FAO/SOSI-2026/src/transform.py:Table countries primary key ['country_un_code'] passes check NA
INFO:__main__:-> aquaculture schema process
DEBUG:/Users/samirjohnson/projects/FAO/SOSI-2026/src/transform.py:Table aquaculture primary key ['country_un_code', 'asfis_code', 'environment_code', 'fao_area', 'year'] passes check duplicate
DEBUG:/Users/samirjohnson/projects/FAO/SOSI-2026/src/transform.py:Table aquaculture primary key ['country_un_code', 'asfis_code', 'environment_code', 'fao_area', 'year'] passes check NA
INFO:__main__:-> asfis schema process
DEBUG:/Users/samirjohnson/projects/FAO/SOSI-2026/src/transform.py:Table asfis primary key ['asfis_code'] passes check duplicate
DEBUG:/Users/samirjohnson/projects/FAO/SOSI-2026/src/transform.py:Table asfis primary key ['asfis_code'] passes check NA
INFO:__main__:-> stock_reference schema process
INFO:/Users/samirjohnson/projects/FAO/SOSI-2026/src/transform.py:Dropped 0 from table: stock_reference based on restriction: lambda col: col.str.split(";").explode().str.len().astype("Int64").eq(3) for column: asfis_code
DEBUG:/Users/samirjohnson/projects/FAO/SOSI-2026/src/transform.py:Empty DataFrame
Columns: [fao_area, common_name, location, grsf_stock_id, isscaap_code, status_year, asfis_code, status, species_name, isscaap_group, tier, uncertainty, fao_areas]
Index: []
INFO:/Users/samirjohnson/projects/FAO/SOSI-2026/src/transform.py:Dropped 0 from table: stock_reference based on restriction: lambda col: col.isin(['U', 'M', 'O', 'X', pd.NA]) for column: status
DEBUG:/Users/samirjohnson/projects/FAO/SOSI-2026/src/transform.py:Empty DataFrame
Columns: [fao_area, common_name, location, grsf_stock_id, isscaap_code, status_year, asfis_code, status, species_name, isscaap_group, tier, uncertainty, fao_areas]
Index: []
INFO:/Users/samirjohnson/projects/FAO/SOSI-2026/src/transform.py:Dropped 0 from table: stock_reference based on restriction: lambda col: (col.isin(['L', 'M', 'H', pd.NA])) for column: uncertainty
DEBUG:/Users/samirjohnson/projects/FAO/SOSI-2026/src/transform.py:Empty DataFrame
Columns: [fao_area, common_name, location, grsf_stock_id, isscaap_code, status_year, asfis_code, status, species_name, isscaap_group, tier, uncertainty, fao_areas]
Index: []
ERROR:/Users/samirjohnson/projects/FAO/SOSI-2026/src/transform.py:Table stock_reference does not have valid primary key grsf_stock_id due to check duplicate
ERROR:/Users/samirjohnson/projects/FAO/SOSI-2026/src/transform.py:Failing rows:
ERROR:/Users/samirjohnson/projects/FAO/SOSI-2026/src/transform.py:231    <NA>
232    <NA>
233    <NA>
337    <NA>
338    <NA>
339    <NA>
340    <NA>
341    <NA>
342    <NA>
343    <NA>
344    <NA>
Name: grsf_stock_id, dtype: string
INFO:__main__:---------- Beginning Extraction ----------
INFO:googleapiclient.discovery_cache:file_cache is only supported with oauth2client<4.0.0
INFO:__main__:--> Extracting source tables
INFO:__main__:--> Extracting source tables
INFO:__main__:--> Extracting source tables
INFO:__main__:--> Extracting source tables
INFO:__main__:--> Extracting source tables
INFO:__main__:--> Extracting source tables
INFO:__main__:--> Extracting source tables
INFO:__main__:--> Extracting source tables
INFO:__main__:---------- Extraction Complete ----------
INFO:__main__:---------- Beginning Transformation ----------
INFO:/Users/samirjohnson/projects/FAO/SOSI-2026/src/transform.py:SOSITransformer initialized.
DEBUG:__main__:Stock reference columns: Index(['Unnamed: 0', 'fao_area', 'isscaap_code', 'isscaap_group', 'asfis_code',
       'common_name', 'species_name', 'location', 'status_year', 'tier',
       'status', 'uncertainty', 'assessment_update', 'data_owner',
       'data_provider', 'operational_data_process', 'source_citation',
       'source_citation_url', 'grsf_short_name', 'grsf_stock_id',
       'grsf_semantic_id', 'data_provider_stock_id', 'unit_update',
       'subarea_description', 'assessment_method', 'assessment_description',
       'status_basis', 'BdivBref', 'B_refpt', 'FdivFref', 'F_refpts',
       'status_text', 'comments', 'sosi_temp_id', 'sdg_id',
       'sosi_record_type'],
      dtype='object')
INFO:__main__:Applying schema verification and transformations...
INFO:__main__:-> capture schema process
INFO:/Users/samirjohnson/projects/FAO/SOSI-2026/src/transform.py:Dropped 29415 from table: capture based on restriction: lambda col: col == "Q_tlw" for column: MEASURE
DEBUG:/Users/samirjohnson/projects/FAO/SOSI-2026/src/transform.py:         PERIOD MEASURE  AREA.CODE  VALUE SPECIES.ALPHA_3_CODE  COUNTRY.UN_CODE
1025600    1970  Q_no_1         99    0.0                  MYS               32
1025601    1971  Q_no_1         99    0.0                  MYS               32
1025602    1972  Q_no_1         99    0.0                  MYS               32
1025603    1973  Q_no_1         99    0.0                  MYS               32
1025604    1974  Q_no_1         99    0.0                  MYS               32
...         ...     ...        ...    ...                  ...              ...
1055010    2009  Q_no_1         77    0.0                  DBO              896
1055011    2010  Q_no_1         77    0.0                  DBO              896
1055012    2011  Q_no_1         77    0.0                  DBO              896
1055013    2012  Q_no_1         77    0.0                  DBO              896
1055014    2013  Q_no_1         77    0.0                  DBO              896

[29415 rows x 6 columns]
DEBUG:/Users/samirjohnson/projects/FAO/SOSI-2026/src/transform.py:Table capture primary key ['country_un_code', 'asfis_code', 'fao_area', 'year'] passes check duplicate
DEBUG:/Users/samirjohnson/projects/FAO/SOSI-2026/src/transform.py:Table capture primary key ['country_un_code', 'asfis_code', 'fao_area', 'year'] passes check NA
INFO:__main__:-> countries schema process
DEBUG:/Users/samirjohnson/projects/FAO/SOSI-2026/src/transform.py:Table countries primary key ['country_un_code'] passes check duplicate
DEBUG:/Users/samirjohnson/projects/FAO/SOSI-2026/src/transform.py:Table countries primary key ['country_un_code'] passes check NA
INFO:__main__:-> aquaculture schema process
DEBUG:/Users/samirjohnson/projects/FAO/SOSI-2026/src/transform.py:Table aquaculture primary key ['country_un_code', 'asfis_code', 'environment_code', 'fao_area', 'year'] passes check duplicate
DEBUG:/Users/samirjohnson/projects/FAO/SOSI-2026/src/transform.py:Table aquaculture primary key ['country_un_code', 'asfis_code', 'environment_code', 'fao_area', 'year'] passes check NA
INFO:__main__:-> asfis schema process
DEBUG:/Users/samirjohnson/projects/FAO/SOSI-2026/src/transform.py:Table asfis primary key ['asfis_code'] passes check duplicate
DEBUG:/Users/samirjohnson/projects/FAO/SOSI-2026/src/transform.py:Table asfis primary key ['asfis_code'] passes check NA
INFO:__main__:-> stock_reference schema process
INFO:/Users/samirjohnson/projects/FAO/SOSI-2026/src/transform.py:Dropped 0 from table: stock_reference based on restriction: lambda col: col.str.split(";").explode().str.len().astype("Int64").eq(3) for column: asfis_code
DEBUG:/Users/samirjohnson/projects/FAO/SOSI-2026/src/transform.py:Empty DataFrame
Columns: [isscaap_group, location, species_name, status, status_year, asfis_code, fao_area, grsf_stock_id, tier, common_name, uncertainty, isscaap_code, fao_areas]
Index: []
INFO:/Users/samirjohnson/projects/FAO/SOSI-2026/src/transform.py:Dropped 0 from table: stock_reference based on restriction: lambda col: col.isin(['U', 'M', 'O', 'X', pd.NA]) for column: status
DEBUG:/Users/samirjohnson/projects/FAO/SOSI-2026/src/transform.py:Empty DataFrame
Columns: [isscaap_group, location, species_name, status, status_year, asfis_code, fao_area, grsf_stock_id, tier, common_name, uncertainty, isscaap_code, fao_areas]
Index: []
INFO:/Users/samirjohnson/projects/FAO/SOSI-2026/src/transform.py:Dropped 0 from table: stock_reference based on restriction: lambda col: (col.isin(['L', 'M', 'H', pd.NA])) for column: uncertainty
DEBUG:/Users/samirjohnson/projects/FAO/SOSI-2026/src/transform.py:Empty DataFrame
Columns: [isscaap_group, location, species_name, status, status_year, asfis_code, fao_area, grsf_stock_id, tier, common_name, uncertainty, isscaap_code, fao_areas]
Index: []
INFO:/Users/samirjohnson/projects/FAO/SOSI-2026/src/transform.py:Dropped 12 from table: stock_reference based on restriction: lambda col: col.notna() for column: grsf_stock_id
DEBUG:/Users/samirjohnson/projects/FAO/SOSI-2026/src/transform.py:                     isscaap_group  ... fao_areas
230          Cods, hakes, haddocks  ...      [27]
231          Cods, hakes, haddocks  ...      [27]
232          Cods, hakes, haddocks  ...      [27]
233  Herrings, sardines, anchovies  ...      [27]
337     Flounders, halibuts, soles  ...      [31]
338   Miscellaneous coastal fishes  ...      [31]
339   Miscellaneous coastal fishes  ...      [31]
340   Miscellaneous coastal fishes  ...      [31]
341   Miscellaneous pelagic fishes  ...      [31]
342        Sharks, rays, chimaeras  ...      [31]
343        Sharks, rays, chimaeras  ...      [31]
344        Sharks, rays, chimaeras  ...      [31]

[12 rows x 13 columns]
DEBUG:/Users/samirjohnson/projects/FAO/SOSI-2026/src/transform.py:Table stock_reference primary key grsf_stock_id passes check duplicate
INFO:__main__:---------- Beginning Extraction ----------
INFO:googleapiclient.discovery_cache:file_cache is only supported with oauth2client<4.0.0
INFO:__main__:--> Extracting source tables
INFO:__main__:--> Extracting source tables
INFO:__main__:--> Extracting source tables
INFO:__main__:--> Extracting source tables
INFO:__main__:--> Extracting source tables
INFO:__main__:--> Extracting source tables
INFO:__main__:--> Extracting source tables
INFO:__main__:--> Extracting source tables
INFO:__main__:---------- Extraction Complete ----------
INFO:__main__:---------- Beginning Transformation ----------
INFO:/Users/samirjohnson/projects/FAO/SOSI-2026/src/transform.py:SOSITransformer initialized.
DEBUG:__main__:Stock reference columns: Index(['Unnamed: 0', 'fao_area', 'isscaap_code', 'isscaap_group', 'asfis_code',
       'common_name', 'species_name', 'location', 'status_year', 'tier',
       'status', 'uncertainty', 'assessment_update', 'data_owner',
       'data_provider', 'operational_data_process', 'source_citation',
       'source_citation_url', 'grsf_short_name', 'grsf_stock_id',
       'grsf_semantic_id', 'data_provider_stock_id', 'unit_update',
       'subarea_description', 'assessment_method', 'assessment_description',
       'status_basis', 'BdivBref', 'B_refpt', 'FdivFref', 'F_refpts',
       'status_text', 'comments', 'sosi_temp_id', 'sdg_id',
       'sosi_record_type'],
      dtype='object')
INFO:__main__:Applying schema verification and transformations...
INFO:__main__:-> capture schema process
INFO:/Users/samirjohnson/projects/FAO/SOSI-2026/src/transform.py:Dropped 29415 from table: capture based on restriction: lambda col: col == "Q_tlw" for column: MEASURE
DEBUG:/Users/samirjohnson/projects/FAO/SOSI-2026/src/transform.py:         COUNTRY.UN_CODE MEASURE  PERIOD  AREA.CODE SPECIES.ALPHA_3_CODE  VALUE
1025600               32  Q_no_1    1970         99                  MYS    0.0
1025601               32  Q_no_1    1971         99                  MYS    0.0
1025602               32  Q_no_1    1972         99                  MYS    0.0
1025603               32  Q_no_1    1973         99                  MYS    0.0
1025604               32  Q_no_1    1974         99                  MYS    0.0
...                  ...     ...     ...        ...                  ...    ...
1055010              896  Q_no_1    2009         77                  DBO    0.0
1055011              896  Q_no_1    2010         77                  DBO    0.0
1055012              896  Q_no_1    2011         77                  DBO    0.0
1055013              896  Q_no_1    2012         77                  DBO    0.0
1055014              896  Q_no_1    2013         77                  DBO    0.0

[29415 rows x 6 columns]
DEBUG:/Users/samirjohnson/projects/FAO/SOSI-2026/src/transform.py:Table capture primary key ['country_un_code', 'asfis_code', 'fao_area', 'year'] passes check duplicate
DEBUG:/Users/samirjohnson/projects/FAO/SOSI-2026/src/transform.py:Table capture primary key ['country_un_code', 'asfis_code', 'fao_area', 'year'] passes check NA
INFO:__main__:-> countries schema process
DEBUG:/Users/samirjohnson/projects/FAO/SOSI-2026/src/transform.py:Table countries primary key ['country_un_code'] passes check duplicate
DEBUG:/Users/samirjohnson/projects/FAO/SOSI-2026/src/transform.py:Table countries primary key ['country_un_code'] passes check NA
INFO:__main__:-> aquaculture schema process
DEBUG:/Users/samirjohnson/projects/FAO/SOSI-2026/src/transform.py:Table aquaculture primary key ['country_un_code', 'asfis_code', 'environment_code', 'fao_area', 'year'] passes check duplicate
DEBUG:/Users/samirjohnson/projects/FAO/SOSI-2026/src/transform.py:Table aquaculture primary key ['country_un_code', 'asfis_code', 'environment_code', 'fao_area', 'year'] passes check NA
INFO:__main__:-> asfis schema process
DEBUG:/Users/samirjohnson/projects/FAO/SOSI-2026/src/transform.py:Table asfis primary key ['asfis_code'] passes check duplicate
DEBUG:/Users/samirjohnson/projects/FAO/SOSI-2026/src/transform.py:Table asfis primary key ['asfis_code'] passes check NA
INFO:__main__:-> stock_reference schema process
INFO:/Users/samirjohnson/projects/FAO/SOSI-2026/src/transform.py:Dropped 0 from table: stock_reference based on restriction: lambda col: col.str.split(";").explode().str.len().astype("Int64").eq(3) for column: asfis_code
INFO:/Users/samirjohnson/projects/FAO/SOSI-2026/src/transform.py:Dropped 0 from table: stock_reference based on restriction: lambda col: col.isin(['U', 'M', 'O', 'X', pd.NA]) for column: status
INFO:/Users/samirjohnson/projects/FAO/SOSI-2026/src/transform.py:Dropped 0 from table: stock_reference based on restriction: lambda col: (col.isin(['L', 'M', 'H', pd.NA])) for column: uncertainty
INFO:/Users/samirjohnson/projects/FAO/SOSI-2026/src/transform.py:Dropped 12 from table: stock_reference based on restriction: lambda col: col.notna() for column: grsf_stock_id
DEBUG:/Users/samirjohnson/projects/FAO/SOSI-2026/src/transform.py:    fao_area  status_year  ...  tier fao_areas
230   fao:27         2023  ...     1      [27]
231   fao:27         2023  ...     1      [27]
232   fao:27         2023  ...     1      [27]
233   fao:27         2023  ...     3      [27]
337   fao:31         2023  ...     1      [31]
338   fao:31         2021  ...     1      [31]
339   fao:31         2023  ...     1      [31]
340   fao:31         2023  ...     1      [31]
341   fao:31         2017  ...     1      [31]
342   fao:31         2019  ...     1      [31]
343   fao:31         2019  ...     1      [31]
344   fao:31         2021  ...     1      [31]

[12 rows x 13 columns]
DEBUG:/Users/samirjohnson/projects/FAO/SOSI-2026/src/transform.py:Table stock_reference primary key grsf_stock_id passes check duplicate
INFO:__main__:---------- Beginning Extraction ----------
INFO:googleapiclient.discovery_cache:file_cache is only supported with oauth2client<4.0.0
INFO:__main__:--> Extracting source tables
INFO:__main__:--> Extracting source tables
INFO:__main__:--> Extracting source tables
INFO:__main__:--> Extracting source tables
INFO:__main__:--> Extracting source tables
INFO:__main__:--> Extracting source tables
INFO:__main__:--> Extracting source tables
INFO:__main__:--> Extracting source tables
INFO:__main__:---------- Extraction Complete ----------
INFO:__main__:---------- Beginning Transformation ----------
INFO:/Users/samirjohnson/projects/FAO/SOSI-2026/src/transform.py:SOSITransformer initialized.
DEBUG:__main__:Stock reference columns: Index(['Unnamed: 0', 'fao_area', 'isscaap_code', 'isscaap_group', 'asfis_code',
       'common_name', 'species_name', 'location', 'status_year', 'tier',
       'status', 'uncertainty', 'assessment_update', 'data_owner',
       'data_provider', 'operational_data_process', 'source_citation',
       'source_citation_url', 'grsf_short_name', 'grsf_stock_id',
       'grsf_semantic_id', 'data_provider_stock_id', 'unit_update',
       'subarea_description', 'assessment_method', 'assessment_description',
       'status_basis', 'BdivBref', 'B_refpt', 'FdivFref', 'F_refpts',
       'status_text', 'comments', 'sosi_temp_id', 'sdg_id',
       'sosi_record_type'],
      dtype='object')
INFO:__main__:Applying schema verification and transformations...
INFO:__main__:-> capture schema process
INFO:/Users/samirjohnson/projects/FAO/SOSI-2026/src/transform.py:Dropped 29415 from table: capture based on restriction: lambda col: col == "Q_tlw" for column: MEASURE
DEBUG:/Users/samirjohnson/projects/FAO/SOSI-2026/src/transform.py:         PERIOD  COUNTRY.UN_CODE  VALUE MEASURE  AREA.CODE SPECIES.ALPHA_3_CODE
1025600    1970               32    0.0  Q_no_1         99                  MYS
1025601    1971               32    0.0  Q_no_1         99                  MYS
1025602    1972               32    0.0  Q_no_1         99                  MYS
1025603    1973               32    0.0  Q_no_1         99                  MYS
1025604    1974               32    0.0  Q_no_1         99                  MYS
...         ...              ...    ...     ...        ...                  ...
1055010    2009              896    0.0  Q_no_1         77                  DBO
1055011    2010              896    0.0  Q_no_1         77                  DBO
1055012    2011              896    0.0  Q_no_1         77                  DBO
1055013    2012              896    0.0  Q_no_1         77                  DBO
1055014    2013              896    0.0  Q_no_1         77                  DBO

[29415 rows x 6 columns]
DEBUG:/Users/samirjohnson/projects/FAO/SOSI-2026/src/transform.py:Table capture primary key ['country_un_code', 'asfis_code', 'fao_area', 'year'] passes check duplicate
DEBUG:/Users/samirjohnson/projects/FAO/SOSI-2026/src/transform.py:Table capture primary key ['country_un_code', 'asfis_code', 'fao_area', 'year'] passes check NA
INFO:__main__:-> countries schema process
DEBUG:/Users/samirjohnson/projects/FAO/SOSI-2026/src/transform.py:Table countries primary key ['country_un_code'] passes check duplicate
DEBUG:/Users/samirjohnson/projects/FAO/SOSI-2026/src/transform.py:Table countries primary key ['country_un_code'] passes check NA
INFO:__main__:-> aquaculture schema process
DEBUG:/Users/samirjohnson/projects/FAO/SOSI-2026/src/transform.py:Table aquaculture primary key ['country_un_code', 'asfis_code', 'environment_code', 'fao_area', 'year'] passes check duplicate
DEBUG:/Users/samirjohnson/projects/FAO/SOSI-2026/src/transform.py:Table aquaculture primary key ['country_un_code', 'asfis_code', 'environment_code', 'fao_area', 'year'] passes check NA
INFO:__main__:-> asfis schema process
DEBUG:/Users/samirjohnson/projects/FAO/SOSI-2026/src/transform.py:Table asfis primary key ['asfis_code'] passes check duplicate
DEBUG:/Users/samirjohnson/projects/FAO/SOSI-2026/src/transform.py:Table asfis primary key ['asfis_code'] passes check NA
INFO:__main__:-> stock_reference schema process
INFO:/Users/samirjohnson/projects/FAO/SOSI-2026/src/transform.py:Dropped 0 from table: stock_reference based on restriction: lambda col: col.str.split(";").explode().str.len().astype("Int64").eq(3) for column: asfis_code
INFO:/Users/samirjohnson/projects/FAO/SOSI-2026/src/transform.py:Dropped 0 from table: stock_reference based on restriction: lambda col: col.isin(['U', 'M', 'O', 'X', pd.NA]) for column: status
INFO:/Users/samirjohnson/projects/FAO/SOSI-2026/src/transform.py:Dropped 0 from table: stock_reference based on restriction: lambda col: (col.isin(['L', 'M', 'H', pd.NA])) for column: uncertainty
INFO:/Users/samirjohnson/projects/FAO/SOSI-2026/src/transform.py:Dropped 12 from table: stock_reference based on restriction: lambda col: col.notna() for column: grsf_stock_id
DEBUG:/Users/samirjohnson/projects/FAO/SOSI-2026/src/transform.py:     tier  isscaap_code  ... status_year fao_areas
230     1            32  ...        2023      [27]
231     1            32  ...        2023      [27]
232     1            32  ...        2023      [27]
233     3            35  ...        2023      [27]
337     1            31  ...        2023      [31]
338     1            33  ...        2021      [31]
339     1            33  ...        2023      [31]
340     1            33  ...        2023      [31]
341     1            37  ...        2017      [31]
342     1            38  ...        2019      [31]
343     1            38  ...        2019      [31]
344     1            38  ...        2021      [31]

[12 rows x 13 columns]
DEBUG:/Users/samirjohnson/projects/FAO/SOSI-2026/src/transform.py:Table stock_reference primary key ['grsf_stock_id'] passes check duplicate
DEBUG:/Users/samirjohnson/projects/FAO/SOSI-2026/src/transform.py:Table stock_reference primary key ['grsf_stock_id'] passes check NA
INFO:__main__:-> Computing species landings
INFO:__main__:-> Computing stock landings
INFO:__main__:---------- Beginning Extraction ----------
INFO:googleapiclient.discovery_cache:file_cache is only supported with oauth2client<4.0.0
INFO:__main__:--> Extracting source tables
INFO:__main__:--> Extracting source tables
INFO:__main__:--> Extracting source tables
INFO:__main__:--> Extracting source tables
INFO:__main__:--> Extracting source tables
INFO:__main__:--> Extracting source tables
INFO:__main__:--> Extracting source tables
INFO:__main__:--> Extracting source tables
INFO:__main__:---------- Extraction Complete ----------
INFO:__main__:---------- Beginning Transformation ----------
INFO:/Users/samirjohnson/projects/FAO/SOSI-2026/src/transform.py:SOSITransformer initialized.
DEBUG:__main__:Stock reference columns: Index(['Unnamed: 0', 'fao_area', 'isscaap_code', 'isscaap_group', 'asfis_code',
       'common_name', 'species_name', 'location', 'status_year', 'tier',
       'status', 'uncertainty', 'assessment_update', 'data_owner',
       'data_provider', 'operational_data_process', 'source_citation',
       'source_citation_url', 'grsf_short_name', 'grsf_stock_id',
       'grsf_semantic_id', 'data_provider_stock_id', 'unit_update',
       'subarea_description', 'assessment_method', 'assessment_description',
       'status_basis', 'BdivBref', 'B_refpt', 'FdivFref', 'F_refpts',
       'status_text', 'comments', 'sosi_temp_id', 'sdg_id',
       'sosi_record_type'],
      dtype='object')
INFO:__main__:Applying schema verification and transformations...
INFO:__main__:-> capture schema process
INFO:/Users/samirjohnson/projects/FAO/SOSI-2026/src/transform.py:Dropped 29415 from table: capture based on restriction: lambda col: col == "Q_tlw" for column: MEASURE
DEBUG:/Users/samirjohnson/projects/FAO/SOSI-2026/src/transform.py:         COUNTRY.UN_CODE MEASURE SPECIES.ALPHA_3_CODE  PERIOD  AREA.CODE  VALUE
1025600               32  Q_no_1                  MYS    1970         99    0.0
1025601               32  Q_no_1                  MYS    1971         99    0.0
1025602               32  Q_no_1                  MYS    1972         99    0.0
1025603               32  Q_no_1                  MYS    1973         99    0.0
1025604               32  Q_no_1                  MYS    1974         99    0.0
...                  ...     ...                  ...     ...        ...    ...
1055010              896  Q_no_1                  DBO    2009         77    0.0
1055011              896  Q_no_1                  DBO    2010         77    0.0
1055012              896  Q_no_1                  DBO    2011         77    0.0
1055013              896  Q_no_1                  DBO    2012         77    0.0
1055014              896  Q_no_1                  DBO    2013         77    0.0

[29415 rows x 6 columns]
DEBUG:/Users/samirjohnson/projects/FAO/SOSI-2026/src/transform.py:Table capture primary key ['country_un_code', 'asfis_code', 'fao_area', 'year'] passes check duplicate
DEBUG:/Users/samirjohnson/projects/FAO/SOSI-2026/src/transform.py:Table capture primary key ['country_un_code', 'asfis_code', 'fao_area', 'year'] passes check NA
INFO:__main__:-> countries schema process
DEBUG:/Users/samirjohnson/projects/FAO/SOSI-2026/src/transform.py:Table countries primary key ['country_un_code'] passes check duplicate
DEBUG:/Users/samirjohnson/projects/FAO/SOSI-2026/src/transform.py:Table countries primary key ['country_un_code'] passes check NA
INFO:__main__:-> aquaculture schema process
DEBUG:/Users/samirjohnson/projects/FAO/SOSI-2026/src/transform.py:Table aquaculture primary key ['country_un_code', 'asfis_code', 'environment_code', 'fao_area', 'year'] passes check duplicate
DEBUG:/Users/samirjohnson/projects/FAO/SOSI-2026/src/transform.py:Table aquaculture primary key ['country_un_code', 'asfis_code', 'environment_code', 'fao_area', 'year'] passes check NA
INFO:__main__:-> asfis schema process
DEBUG:/Users/samirjohnson/projects/FAO/SOSI-2026/src/transform.py:Table asfis primary key ['asfis_code'] passes check duplicate
DEBUG:/Users/samirjohnson/projects/FAO/SOSI-2026/src/transform.py:Table asfis primary key ['asfis_code'] passes check NA
INFO:__main__:-> stock_reference schema process
INFO:/Users/samirjohnson/projects/FAO/SOSI-2026/src/transform.py:Dropped 0 from table: stock_reference based on restriction: lambda col: col.str.split(";").explode().str.len().astype("Int64").eq(3) for column: asfis_code
INFO:/Users/samirjohnson/projects/FAO/SOSI-2026/src/transform.py:Dropped 0 from table: stock_reference based on restriction: lambda col: col.isin(['U', 'M', 'O', 'X', pd.NA]) for column: status
INFO:/Users/samirjohnson/projects/FAO/SOSI-2026/src/transform.py:Dropped 0 from table: stock_reference based on restriction: lambda col: (col.isin(['L', 'M', 'H', pd.NA])) for column: uncertainty
INFO:/Users/samirjohnson/projects/FAO/SOSI-2026/src/transform.py:Dropped 12 from table: stock_reference based on restriction: lambda col: col.notna() for column: grsf_stock_id
DEBUG:/Users/samirjohnson/projects/FAO/SOSI-2026/src/transform.py:    fao_area asfis_code  ... isscaap_code fao_areas
230   fao:27        COD  ...           32      [27]
231   fao:27        COD  ...           32      [27]
232   fao:27        COD  ...           32      [27]
233   fao:27        ANE  ...           35      [27]
337   fao:31        YSH  ...           31      [31]
338   fao:31        EEL  ...           33      [31]
339   fao:31        SWF  ...           33      [31]
340   fao:31        SWF  ...           33      [31]
341   fao:31        CBA  ...           37      [31]
342   fao:31        SPL  ...           38      [31]
343   fao:31        SPK  ...           38      [31]
344   fao:31        SPZ  ...           38      [31]

[12 rows x 13 columns]
DEBUG:/Users/samirjohnson/projects/FAO/SOSI-2026/src/transform.py:Table stock_reference primary key ['grsf_stock_id'] passes check duplicate
DEBUG:/Users/samirjohnson/projects/FAO/SOSI-2026/src/transform.py:Table stock_reference primary key ['grsf_stock_id'] passes check NA
INFO:__main__:-> Computing species landings
INFO:__main__:-> Computing stock landings
INFO:__main__:---------- Beginning Extraction ----------
INFO:googleapiclient.discovery_cache:file_cache is only supported with oauth2client<4.0.0
INFO:__main__:--> Extracting source tables
INFO:__main__:--> Extracting source tables
INFO:__main__:--> Extracting source tables
INFO:__main__:--> Extracting source tables
INFO:__main__:--> Extracting source tables
INFO:__main__:--> Extracting source tables
INFO:__main__:--> Extracting source tables
INFO:__main__:--> Extracting source tables
INFO:__main__:---------- Extraction Complete ----------
INFO:__main__:---------- Beginning Transformation ----------
INFO:/Users/samirjohnson/projects/FAO/SOSI-2026/src/transform.py:SOSITransformer initialized.
DEBUG:__main__:Stock reference columns: Index(['Unnamed: 0', 'fao_area', 'isscaap_code', 'isscaap_group', 'asfis_code',
       'common_name', 'species_name', 'location', 'status_year', 'tier',
       'status', 'uncertainty', 'assessment_update', 'data_owner',
       'data_provider', 'operational_data_process', 'source_citation',
       'source_citation_url', 'grsf_short_name', 'grsf_stock_id',
       'grsf_semantic_id', 'data_provider_stock_id', 'unit_update',
       'subarea_description', 'assessment_method', 'assessment_description',
       'status_basis', 'BdivBref', 'B_refpt', 'FdivFref', 'F_refpts',
       'status_text', 'comments', 'sosi_temp_id', 'sdg_id',
       'sosi_record_type'],
      dtype='object')
INFO:__main__:Applying schema verification and transformations...
INFO:__main__:-> capture schema process
INFO:/Users/samirjohnson/projects/FAO/SOSI-2026/src/transform.py:Dropped 29415 from table: capture based on restriction: lambda col: col == "Q_tlw" for column: MEASURE
DEBUG:/Users/samirjohnson/projects/FAO/SOSI-2026/src/transform.py:         AREA.CODE  VALUE MEASURE  COUNTRY.UN_CODE  PERIOD SPECIES.ALPHA_3_CODE
1025600         99    0.0  Q_no_1               32    1970                  MYS
1025601         99    0.0  Q_no_1               32    1971                  MYS
1025602         99    0.0  Q_no_1               32    1972                  MYS
1025603         99    0.0  Q_no_1               32    1973                  MYS
1025604         99    0.0  Q_no_1               32    1974                  MYS
...            ...    ...     ...              ...     ...                  ...
1055010         77    0.0  Q_no_1              896    2009                  DBO
1055011         77    0.0  Q_no_1              896    2010                  DBO
1055012         77    0.0  Q_no_1              896    2011                  DBO
1055013         77    0.0  Q_no_1              896    2012                  DBO
1055014         77    0.0  Q_no_1              896    2013                  DBO

[29415 rows x 6 columns]
DEBUG:/Users/samirjohnson/projects/FAO/SOSI-2026/src/transform.py:Table capture primary key ['country_un_code', 'asfis_code', 'fao_area', 'year'] passes check duplicate
DEBUG:/Users/samirjohnson/projects/FAO/SOSI-2026/src/transform.py:Table capture primary key ['country_un_code', 'asfis_code', 'fao_area', 'year'] passes check NA
INFO:__main__:-> countries schema process
DEBUG:/Users/samirjohnson/projects/FAO/SOSI-2026/src/transform.py:Table countries primary key ['country_un_code'] passes check duplicate
DEBUG:/Users/samirjohnson/projects/FAO/SOSI-2026/src/transform.py:Table countries primary key ['country_un_code'] passes check NA
INFO:__main__:-> aquaculture schema process
DEBUG:/Users/samirjohnson/projects/FAO/SOSI-2026/src/transform.py:Table aquaculture primary key ['country_un_code', 'asfis_code', 'environment_code', 'fao_area', 'year'] passes check duplicate
DEBUG:/Users/samirjohnson/projects/FAO/SOSI-2026/src/transform.py:Table aquaculture primary key ['country_un_code', 'asfis_code', 'environment_code', 'fao_area', 'year'] passes check NA
INFO:__main__:-> asfis schema process
DEBUG:/Users/samirjohnson/projects/FAO/SOSI-2026/src/transform.py:Table asfis primary key ['asfis_code'] passes check duplicate
DEBUG:/Users/samirjohnson/projects/FAO/SOSI-2026/src/transform.py:Table asfis primary key ['asfis_code'] passes check NA
INFO:__main__:-> stock_reference schema process
INFO:/Users/samirjohnson/projects/FAO/SOSI-2026/src/transform.py:Dropped 0 from table: stock_reference based on restriction: lambda col: col.str.split(";").explode().str.len().astype("Int64").eq(3) for column: asfis_code
INFO:/Users/samirjohnson/projects/FAO/SOSI-2026/src/transform.py:Dropped 0 from table: stock_reference based on restriction: lambda col: col.isin(['U', 'M', 'O', 'X', pd.NA]) for column: status
INFO:/Users/samirjohnson/projects/FAO/SOSI-2026/src/transform.py:Dropped 0 from table: stock_reference based on restriction: lambda col: (col.isin(['L', 'M', 'H', pd.NA])) for column: uncertainty
INFO:/Users/samirjohnson/projects/FAO/SOSI-2026/src/transform.py:Dropped 12 from table: stock_reference based on restriction: lambda col: col.notna() for column: grsf_stock_id
DEBUG:/Users/samirjohnson/projects/FAO/SOSI-2026/src/transform.py:    uncertainty  ... fao_areas
230           L  ...      [27]
231           L  ...      [27]
232           L  ...      [27]
233           M  ...      [27]
337           L  ...      [31]
338           L  ...      [31]
339           L  ...      [31]
340           L  ...      [31]
341           M  ...      [31]
342           M  ...      [31]
343           M  ...      [31]
344           L  ...      [31]

[12 rows x 13 columns]
DEBUG:/Users/samirjohnson/projects/FAO/SOSI-2026/src/transform.py:Table stock_reference primary key ['grsf_stock_id'] passes check duplicate
DEBUG:/Users/samirjohnson/projects/FAO/SOSI-2026/src/transform.py:Table stock_reference primary key ['grsf_stock_id'] passes check NA
INFO:__main__:-> Computing species landings
INFO:__main__:-> Computing stock landings
INFO:__main__:---------- Beginning Extraction ----------
INFO:googleapiclient.discovery_cache:file_cache is only supported with oauth2client<4.0.0
INFO:__main__:--> Extracting source tables
INFO:__main__:--> Extracting source tables
INFO:__main__:--> Extracting source tables
INFO:__main__:--> Extracting source tables
INFO:__main__:--> Extracting source tables
INFO:__main__:--> Extracting source tables
INFO:__main__:--> Extracting source tables
INFO:__main__:--> Extracting source tables
INFO:__main__:---------- Extraction Complete ----------
INFO:__main__:---------- Beginning Transformation ----------
INFO:/Users/samirjohnson/projects/FAO/SOSI-2026/src/transform.py:SOSITransformer initialized.
DEBUG:__main__:Stock reference columns: Index(['Unnamed: 0', 'fao_area', 'isscaap_code', 'isscaap_group', 'asfis_code',
       'common_name', 'species_name', 'location', 'status_year', 'tier',
       'status', 'uncertainty', 'assessment_update', 'data_owner',
       'data_provider', 'operational_data_process', 'source_citation',
       'source_citation_url', 'grsf_short_name', 'grsf_stock_id',
       'grsf_semantic_id', 'data_provider_stock_id', 'unit_update',
       'subarea_description', 'assessment_method', 'assessment_description',
       'status_basis', 'BdivBref', 'B_refpt', 'FdivFref', 'F_refpts',
       'status_text', 'comments', 'sosi_temp_id', 'sdg_id',
       'sosi_record_type'],
      dtype='object')
INFO:__main__:Applying schema verification and transformations...
INFO:__main__:-> capture schema process
INFO:/Users/samirjohnson/projects/FAO/SOSI-2026/src/transform.py:Dropped 29415 from table: capture based on restriction: lambda col: col == "Q_tlw" for column: MEASURE
DEBUG:/Users/samirjohnson/projects/FAO/SOSI-2026/src/transform.py:         PERIOD  COUNTRY.UN_CODE  VALUE  AREA.CODE SPECIES.ALPHA_3_CODE MEASURE
1025600    1970               32    0.0         99                  MYS  Q_no_1
1025601    1971               32    0.0         99                  MYS  Q_no_1
1025602    1972               32    0.0         99                  MYS  Q_no_1
1025603    1973               32    0.0         99                  MYS  Q_no_1
1025604    1974               32    0.0         99                  MYS  Q_no_1
...         ...              ...    ...        ...                  ...     ...
1055010    2009              896    0.0         77                  DBO  Q_no_1
1055011    2010              896    0.0         77                  DBO  Q_no_1
1055012    2011              896    0.0         77                  DBO  Q_no_1
1055013    2012              896    0.0         77                  DBO  Q_no_1
1055014    2013              896    0.0         77                  DBO  Q_no_1

[29415 rows x 6 columns]
DEBUG:/Users/samirjohnson/projects/FAO/SOSI-2026/src/transform.py:Table capture primary key ['country_un_code', 'asfis_code', 'fao_area', 'year'] passes check duplicate
DEBUG:/Users/samirjohnson/projects/FAO/SOSI-2026/src/transform.py:Table capture primary key ['country_un_code', 'asfis_code', 'fao_area', 'year'] passes check NA
INFO:__main__:-> countries schema process
DEBUG:/Users/samirjohnson/projects/FAO/SOSI-2026/src/transform.py:Table countries primary key ['country_un_code'] passes check duplicate
DEBUG:/Users/samirjohnson/projects/FAO/SOSI-2026/src/transform.py:Table countries primary key ['country_un_code'] passes check NA
INFO:__main__:-> aquaculture schema process
DEBUG:/Users/samirjohnson/projects/FAO/SOSI-2026/src/transform.py:Table aquaculture primary key ['country_un_code', 'asfis_code', 'environment_code', 'fao_area', 'year'] passes check duplicate
DEBUG:/Users/samirjohnson/projects/FAO/SOSI-2026/src/transform.py:Table aquaculture primary key ['country_un_code', 'asfis_code', 'environment_code', 'fao_area', 'year'] passes check NA
INFO:__main__:-> asfis schema process
DEBUG:/Users/samirjohnson/projects/FAO/SOSI-2026/src/transform.py:Table asfis primary key ['asfis_code'] passes check duplicate
DEBUG:/Users/samirjohnson/projects/FAO/SOSI-2026/src/transform.py:Table asfis primary key ['asfis_code'] passes check NA
INFO:__main__:-> stock_reference schema process
INFO:/Users/samirjohnson/projects/FAO/SOSI-2026/src/transform.py:Dropped 0 from table: stock_reference based on restriction: lambda col: col.str.split(";").explode().str.len().astype("Int64").eq(3) for column: asfis_code
INFO:/Users/samirjohnson/projects/FAO/SOSI-2026/src/transform.py:Dropped 0 from table: stock_reference based on restriction: lambda col: col.isin(['U', 'M', 'O', 'X', pd.NA]) for column: status
INFO:/Users/samirjohnson/projects/FAO/SOSI-2026/src/transform.py:Dropped 0 from table: stock_reference based on restriction: lambda col: (col.isin(['L', 'M', 'H', pd.NA])) for column: uncertainty
INFO:/Users/samirjohnson/projects/FAO/SOSI-2026/src/transform.py:Dropped 12 from table: stock_reference based on restriction: lambda col: col.notna() for column: grsf_stock_id
DEBUG:/Users/samirjohnson/projects/FAO/SOSI-2026/src/transform.py:    status  ... fao_areas
230      O  ...      [27]
231      M  ...      [27]
232      M  ...      [27]
233      M  ...      [27]
337      M  ...      [31]
338      U  ...      [31]
339      U  ...      [31]
340      U  ...      [31]
341      U  ...      [31]
342      U  ...      [31]
343      O  ...      [31]
344      O  ...      [31]

[12 rows x 13 columns]
DEBUG:/Users/samirjohnson/projects/FAO/SOSI-2026/src/transform.py:Table stock_reference primary key ['grsf_stock_id'] passes check duplicate
DEBUG:/Users/samirjohnson/projects/FAO/SOSI-2026/src/transform.py:Table stock_reference primary key ['grsf_stock_id'] passes check NA
INFO:__main__:-> Computing species landings
INFO:__main__:-> Computing stock landings
INFO:__main__:---------- Beginning Extraction ----------
INFO:googleapiclient.discovery_cache:file_cache is only supported with oauth2client<4.0.0
INFO:__main__:--> Extracting source tables
INFO:__main__:--> Extracting source tables
INFO:__main__:--> Extracting source tables
INFO:__main__:--> Extracting source tables
INFO:__main__:--> Extracting source tables
INFO:__main__:--> Extracting source tables
INFO:__main__:--> Extracting source tables
INFO:__main__:--> Extracting source tables
INFO:__main__:---------- Extraction Complete ----------
INFO:__main__:---------- Beginning Transformation ----------
INFO:/Users/samirjohnson/projects/FAO/SOSI-2026/src/transform.py:SOSITransformer initialized.
DEBUG:__main__:Stock reference columns: Index(['Unnamed: 0', 'fao_area', 'isscaap_code', 'isscaap_group', 'asfis_code',
       'common_name', 'species_name', 'location', 'status_year', 'tier',
       'status', 'uncertainty', 'assessment_update', 'data_owner',
       'data_provider', 'operational_data_process', 'source_citation',
       'source_citation_url', 'grsf_short_name', 'grsf_stock_id',
       'grsf_semantic_id', 'data_provider_stock_id', 'unit_update',
       'subarea_description', 'assessment_method', 'assessment_description',
       'status_basis', 'BdivBref', 'B_refpt', 'FdivFref', 'F_refpts',
       'status_text', 'comments', 'sosi_temp_id', 'sdg_id',
       'sosi_record_type'],
      dtype='object')
INFO:__main__:Applying schema verification and transformations...
INFO:__main__:-> capture schema process
INFO:/Users/samirjohnson/projects/FAO/SOSI-2026/src/transform.py:Dropped 29415 from table: capture based on restriction: lambda col: col == "Q_tlw" for column: MEASURE
DEBUG:/Users/samirjohnson/projects/FAO/SOSI-2026/src/transform.py:         COUNTRY.UN_CODE  PERIOD  AREA.CODE  VALUE MEASURE SPECIES.ALPHA_3_CODE
1025600               32    1970         99    0.0  Q_no_1                  MYS
1025601               32    1971         99    0.0  Q_no_1                  MYS
1025602               32    1972         99    0.0  Q_no_1                  MYS
1025603               32    1973         99    0.0  Q_no_1                  MYS
1025604               32    1974         99    0.0  Q_no_1                  MYS
...                  ...     ...        ...    ...     ...                  ...
1055010              896    2009         77    0.0  Q_no_1                  DBO
1055011              896    2010         77    0.0  Q_no_1                  DBO
1055012              896    2011         77    0.0  Q_no_1                  DBO
1055013              896    2012         77    0.0  Q_no_1                  DBO
1055014              896    2013         77    0.0  Q_no_1                  DBO

[29415 rows x 6 columns]
DEBUG:/Users/samirjohnson/projects/FAO/SOSI-2026/src/transform.py:Table capture primary key ['country_un_code', 'asfis_code', 'fao_area', 'year'] passes check duplicate
DEBUG:/Users/samirjohnson/projects/FAO/SOSI-2026/src/transform.py:Table capture primary key ['country_un_code', 'asfis_code', 'fao_area', 'year'] passes check NA
INFO:__main__:-> countries schema process
DEBUG:/Users/samirjohnson/projects/FAO/SOSI-2026/src/transform.py:Table countries primary key ['country_un_code'] passes check duplicate
DEBUG:/Users/samirjohnson/projects/FAO/SOSI-2026/src/transform.py:Table countries primary key ['country_un_code'] passes check NA
INFO:__main__:-> aquaculture schema process
DEBUG:/Users/samirjohnson/projects/FAO/SOSI-2026/src/transform.py:Table aquaculture primary key ['country_un_code', 'asfis_code', 'environment_code', 'fao_area', 'year'] passes check duplicate
DEBUG:/Users/samirjohnson/projects/FAO/SOSI-2026/src/transform.py:Table aquaculture primary key ['country_un_code', 'asfis_code', 'environment_code', 'fao_area', 'year'] passes check NA
INFO:__main__:-> asfis schema process
DEBUG:/Users/samirjohnson/projects/FAO/SOSI-2026/src/transform.py:Table asfis primary key ['asfis_code'] passes check duplicate
DEBUG:/Users/samirjohnson/projects/FAO/SOSI-2026/src/transform.py:Table asfis primary key ['asfis_code'] passes check NA
INFO:__main__:-> stock_reference schema process
INFO:/Users/samirjohnson/projects/FAO/SOSI-2026/src/transform.py:Dropped 0 from table: stock_reference based on restriction: lambda col: col.str.split(";").explode().str.len().astype("Int64").eq(3) for column: asfis_code
INFO:/Users/samirjohnson/projects/FAO/SOSI-2026/src/transform.py:Dropped 0 from table: stock_reference based on restriction: lambda col: col.isin(['U', 'M', 'O', 'X', pd.NA]) for column: status
INFO:/Users/samirjohnson/projects/FAO/SOSI-2026/src/transform.py:Dropped 0 from table: stock_reference based on restriction: lambda col: (col.isin(['L', 'M', 'H', pd.NA])) for column: uncertainty
INFO:/Users/samirjohnson/projects/FAO/SOSI-2026/src/transform.py:Dropped 12 from table: stock_reference based on restriction: lambda col: col.notna() for column: grsf_stock_id
DEBUG:/Users/samirjohnson/projects/FAO/SOSI-2026/src/transform.py:    status  ... fao_areas
230      O  ...      [27]
231      M  ...      [27]
232      M  ...      [27]
233      M  ...      [27]
337      M  ...      [31]
338      U  ...      [31]
339      U  ...      [31]
340      U  ...      [31]
341      U  ...      [31]
342      U  ...      [31]
343      O  ...      [31]
344      O  ...      [31]

[12 rows x 13 columns]
DEBUG:/Users/samirjohnson/projects/FAO/SOSI-2026/src/transform.py:Table stock_reference primary key ['grsf_stock_id'] passes check duplicate
DEBUG:/Users/samirjohnson/projects/FAO/SOSI-2026/src/transform.py:Table stock_reference primary key ['grsf_stock_id'] passes check NA
INFO:__main__:-> Computing species landings
INFO:__main__:-> Computing stock landings
INFO:__main__:---------- Beginning Extraction ----------
INFO:googleapiclient.discovery_cache:file_cache is only supported with oauth2client<4.0.0
INFO:__main__:--> Extracting source tables
INFO:__main__:--> Extracting source tables
INFO:__main__:--> Extracting source tables
INFO:__main__:--> Extracting source tables
INFO:__main__:--> Extracting source tables
INFO:__main__:--> Extracting source tables
INFO:__main__:--> Extracting source tables
INFO:__main__:--> Extracting source tables
INFO:__main__:---------- Extraction Complete ----------
INFO:__main__:---------- Beginning Transformation ----------
INFO:/Users/samirjohnson/projects/FAO/SOSI-2026/src/transform.py:SOSITransformer initialized.
DEBUG:__main__:Stock reference columns: Index(['Unnamed: 0', 'fao_area', 'isscaap_code', 'isscaap_group', 'asfis_code',
       'common_name', 'species_name', 'location', 'status_year', 'tier',
       'status', 'uncertainty', 'assessment_update', 'data_owner',
       'data_provider', 'operational_data_process', 'source_citation',
       'source_citation_url', 'grsf_short_name', 'grsf_stock_id',
       'grsf_semantic_id', 'data_provider_stock_id', 'unit_update',
       'subarea_description', 'assessment_method', 'assessment_description',
       'status_basis', 'BdivBref', 'B_refpt', 'FdivFref', 'F_refpts',
       'status_text', 'comments', 'sosi_temp_id', 'sdg_id',
       'sosi_record_type'],
      dtype='object')
INFO:__main__:Applying schema verification and transformations...
INFO:__main__:-> capture schema process
INFO:/Users/samirjohnson/projects/FAO/SOSI-2026/src/transform.py:Dropped 29415 from table: capture based on restriction: lambda col: col == "Q_tlw" for column: MEASURE
DEBUG:/Users/samirjohnson/projects/FAO/SOSI-2026/src/transform.py:         AREA.CODE SPECIES.ALPHA_3_CODE  COUNTRY.UN_CODE  VALUE  PERIOD MEASURE
1025600         99                  MYS               32    0.0    1970  Q_no_1
1025601         99                  MYS               32    0.0    1971  Q_no_1
1025602         99                  MYS               32    0.0    1972  Q_no_1
1025603         99                  MYS               32    0.0    1973  Q_no_1
1025604         99                  MYS               32    0.0    1974  Q_no_1
...            ...                  ...              ...    ...     ...     ...
1055010         77                  DBO              896    0.0    2009  Q_no_1
1055011         77                  DBO              896    0.0    2010  Q_no_1
1055012         77                  DBO              896    0.0    2011  Q_no_1
1055013         77                  DBO              896    0.0    2012  Q_no_1
1055014         77                  DBO              896    0.0    2013  Q_no_1

[29415 rows x 6 columns]
DEBUG:/Users/samirjohnson/projects/FAO/SOSI-2026/src/transform.py:Table capture primary key ['country_un_code', 'asfis_code', 'fao_area', 'year'] passes check duplicate
DEBUG:/Users/samirjohnson/projects/FAO/SOSI-2026/src/transform.py:Table capture primary key ['country_un_code', 'asfis_code', 'fao_area', 'year'] passes check NA
INFO:__main__:-> countries schema process
DEBUG:/Users/samirjohnson/projects/FAO/SOSI-2026/src/transform.py:Table countries primary key ['country_un_code'] passes check duplicate
DEBUG:/Users/samirjohnson/projects/FAO/SOSI-2026/src/transform.py:Table countries primary key ['country_un_code'] passes check NA
INFO:__main__:-> aquaculture schema process
DEBUG:/Users/samirjohnson/projects/FAO/SOSI-2026/src/transform.py:Table aquaculture primary key ['country_un_code', 'asfis_code', 'environment_code', 'fao_area', 'year'] passes check duplicate
DEBUG:/Users/samirjohnson/projects/FAO/SOSI-2026/src/transform.py:Table aquaculture primary key ['country_un_code', 'asfis_code', 'environment_code', 'fao_area', 'year'] passes check NA
INFO:__main__:-> asfis schema process
DEBUG:/Users/samirjohnson/projects/FAO/SOSI-2026/src/transform.py:Table asfis primary key ['asfis_code'] passes check duplicate
DEBUG:/Users/samirjohnson/projects/FAO/SOSI-2026/src/transform.py:Table asfis primary key ['asfis_code'] passes check NA
INFO:__main__:-> stock_reference schema process
INFO:/Users/samirjohnson/projects/FAO/SOSI-2026/src/transform.py:Dropped 0 from table: stock_reference based on restriction: lambda col: col.str.split(";").explode().str.len().astype("Int64").eq(3) for column: asfis_code
INFO:/Users/samirjohnson/projects/FAO/SOSI-2026/src/transform.py:Dropped 0 from table: stock_reference based on restriction: lambda col: col.isin(['U', 'M', 'O', 'X', pd.NA]) for column: status
INFO:/Users/samirjohnson/projects/FAO/SOSI-2026/src/transform.py:Dropped 0 from table: stock_reference based on restriction: lambda col: (col.isin(['L', 'M', 'H', pd.NA])) for column: uncertainty
INFO:/Users/samirjohnson/projects/FAO/SOSI-2026/src/transform.py:Dropped 12 from table: stock_reference based on restriction: lambda col: col.notna() for column: grsf_stock_id
DEBUG:/Users/samirjohnson/projects/FAO/SOSI-2026/src/transform.py:     tier fao_area grsf_stock_id  ...               species_name  status  fao_areas
230     1   fao:27          <NA>  ...               Gadus morhua       O       [27]
231     1   fao:27          <NA>  ...               Gadus morhua       M       [27]
232     1   fao:27          <NA>  ...               Gadus morhua       M       [27]
233     3   fao:27          <NA>  ...     Engraulis encrasicolus       M       [27]
337     1   fao:31          <NA>  ...   Paralichthys lethostigma       M       [31]
338     1   fao:31          <NA>  ...  Hyporthodus flavolimbatus       U       [31]
339     1   fao:31          <NA>  ...        Cynoscion nebulosus       U       [31]
340     1   fao:31          <NA>  ...        Cynoscion nebulosus       U       [31]
341     1   fao:31          <NA>  ...       Rachycentron canadum       U       [31]
342     1   fao:31          <NA>  ...             Sphyrna lewini       U       [31]
343     1   fao:31          <NA>  ...           Sphyrna mokarran       O       [31]
344     1   fao:31          <NA>  ...            Sphyrna zygaena       O       [31]

[12 rows x 13 columns]
DEBUG:/Users/samirjohnson/projects/FAO/SOSI-2026/src/transform.py:Table stock_reference primary key ['grsf_stock_id'] passes check duplicate
DEBUG:/Users/samirjohnson/projects/FAO/SOSI-2026/src/transform.py:Table stock_reference primary key ['grsf_stock_id'] passes check NA
INFO:__main__:-> Computing species landings
INFO:__main__:-> Computing stock landings
INFO:__main__:---------- Beginning Extraction ----------
INFO:googleapiclient.discovery_cache:file_cache is only supported with oauth2client<4.0.0
INFO:__main__:--> Extracting source tables
INFO:__main__:--> Extracting source tables
INFO:__main__:--> Extracting source tables
INFO:__main__:--> Extracting source tables
INFO:__main__:--> Extracting source tables
INFO:__main__:--> Extracting source tables
INFO:__main__:--> Extracting source tables
INFO:__main__:--> Extracting source tables
INFO:__main__:---------- Extraction Complete ----------
INFO:__main__:---------- Beginning Transformation ----------
INFO:/Users/samirjohnson/projects/FAO/SOSI-2026/src/transform.py:SOSITransformer initialized.
DEBUG:__main__:Stock reference columns: Index(['Unnamed: 0', 'fao_area', 'isscaap_code', 'isscaap_group', 'asfis_code',
       'common_name', 'species_name', 'location', 'status_year', 'tier',
       'status', 'uncertainty', 'assessment_update', 'data_owner',
       'data_provider', 'operational_data_process', 'source_citation',
       'source_citation_url', 'grsf_short_name', 'grsf_stock_id',
       'grsf_semantic_id', 'data_provider_stock_id', 'unit_update',
       'subarea_description', 'assessment_method', 'assessment_description',
       'status_basis', 'BdivBref', 'B_refpt', 'FdivFref', 'F_refpts',
       'status_text', 'comments', 'sosi_temp_id', 'sdg_id',
       'sosi_record_type'],
      dtype='object')
INFO:__main__:Applying schema verification and transformations...
INFO:__main__:-> capture schema process
INFO:/Users/samirjohnson/projects/FAO/SOSI-2026/src/transform.py:Dropped 29415 from table: capture based on restriction: lambda col: col == "Q_tlw" for column: MEASURE
DEBUG:/Users/samirjohnson/projects/FAO/SOSI-2026/src/transform.py:         VALUE  AREA.CODE SPECIES.ALPHA_3_CODE MEASURE  COUNTRY.UN_CODE  PERIOD
1025600    0.0         99                  MYS  Q_no_1               32    1970
1025601    0.0         99                  MYS  Q_no_1               32    1971
1025602    0.0         99                  MYS  Q_no_1               32    1972
1025603    0.0         99                  MYS  Q_no_1               32    1973
1025604    0.0         99                  MYS  Q_no_1               32    1974
...        ...        ...                  ...     ...              ...     ...
1055010    0.0         77                  DBO  Q_no_1              896    2009
1055011    0.0         77                  DBO  Q_no_1              896    2010
1055012    0.0         77                  DBO  Q_no_1              896    2011
1055013    0.0         77                  DBO  Q_no_1              896    2012
1055014    0.0         77                  DBO  Q_no_1              896    2013

[29415 rows x 6 columns]
DEBUG:/Users/samirjohnson/projects/FAO/SOSI-2026/src/transform.py:Table capture primary key ['country_un_code', 'asfis_code', 'fao_area', 'year'] passes check duplicate
DEBUG:/Users/samirjohnson/projects/FAO/SOSI-2026/src/transform.py:Table capture primary key ['country_un_code', 'asfis_code', 'fao_area', 'year'] passes check NA
INFO:__main__:-> countries schema process
DEBUG:/Users/samirjohnson/projects/FAO/SOSI-2026/src/transform.py:Table countries primary key ['country_un_code'] passes check duplicate
DEBUG:/Users/samirjohnson/projects/FAO/SOSI-2026/src/transform.py:Table countries primary key ['country_un_code'] passes check NA
INFO:__main__:-> aquaculture schema process
DEBUG:/Users/samirjohnson/projects/FAO/SOSI-2026/src/transform.py:Table aquaculture primary key ['country_un_code', 'asfis_code', 'environment_code', 'fao_area', 'year'] passes check duplicate
DEBUG:/Users/samirjohnson/projects/FAO/SOSI-2026/src/transform.py:Table aquaculture primary key ['country_un_code', 'asfis_code', 'environment_code', 'fao_area', 'year'] passes check NA
INFO:__main__:-> asfis schema process
DEBUG:/Users/samirjohnson/projects/FAO/SOSI-2026/src/transform.py:Table asfis primary key ['asfis_code'] passes check duplicate
DEBUG:/Users/samirjohnson/projects/FAO/SOSI-2026/src/transform.py:Table asfis primary key ['asfis_code'] passes check NA
INFO:__main__:-> stock_reference schema process
INFO:/Users/samirjohnson/projects/FAO/SOSI-2026/src/transform.py:Dropped 0 from table: stock_reference based on restriction: lambda col: col.str.split(";").explode().str.len().astype("Int64").eq(3) for column: asfis_code
INFO:/Users/samirjohnson/projects/FAO/SOSI-2026/src/transform.py:Dropped 0 from table: stock_reference based on restriction: lambda col: col.isin(['U', 'M', 'O', 'X', pd.NA]) for column: status
INFO:/Users/samirjohnson/projects/FAO/SOSI-2026/src/transform.py:Dropped 0 from table: stock_reference based on restriction: lambda col: (col.isin(['L', 'M', 'H', pd.NA])) for column: uncertainty
INFO:/Users/samirjohnson/projects/FAO/SOSI-2026/src/transform.py:Dropped 12 from table: stock_reference based on restriction: lambda col: col.notna() for column: grsf_stock_id
DEBUG:/Users/samirjohnson/projects/FAO/SOSI-2026/src/transform.py:                  species_name uncertainty  ...  isscaap_code fao_areas
230               Gadus morhua           L  ...            32      [27]
231               Gadus morhua           L  ...            32      [27]
232               Gadus morhua           L  ...            32      [27]
233     Engraulis encrasicolus           M  ...            35      [27]
337   Paralichthys lethostigma           L  ...            31      [31]
338  Hyporthodus flavolimbatus           L  ...            33      [31]
339        Cynoscion nebulosus           L  ...            33      [31]
340        Cynoscion nebulosus           L  ...            33      [31]
341       Rachycentron canadum           M  ...            37      [31]
342             Sphyrna lewini           M  ...            38      [31]
343           Sphyrna mokarran           M  ...            38      [31]
344            Sphyrna zygaena           L  ...            38      [31]

[12 rows x 13 columns]
DEBUG:/Users/samirjohnson/projects/FAO/SOSI-2026/src/transform.py:Table stock_reference primary key ['grsf_stock_id'] passes check duplicate
DEBUG:/Users/samirjohnson/projects/FAO/SOSI-2026/src/transform.py:Table stock_reference primary key ['grsf_stock_id'] passes check NA
INFO:__main__:-> Computing species landings
INFO:__main__:-> Computing stock landings
INFO:__main__:---------- Beginning Extraction ----------
INFO:googleapiclient.discovery_cache:file_cache is only supported with oauth2client<4.0.0
INFO:__main__:--> Extracting source tables
INFO:/Users/samirjohnson/projects/FAO/SOSI-2026/src/extract.py:-> Extracting Update_Template_SoSI2026-Area27-upd from drive.
DEBUG:googleapiclient.discovery:URL being requested: GET https://www.googleapis.com/drive/v3/files?q=name+%3D+%27Update_Template_SoSI2026-Area27-upd%27+and+trashed+%3D+false&spaces=drive&fields=files%28id%2C+mimeType%2C+name%29&pageSize=1&alt=json
DEBUG:google_auth_httplib2:Making request: POST https://oauth2.googleapis.com/token
DEBUG:/Users/samirjohnson/projects/FAO/SOSI-2026/src/extract.py:-> Found file id: 1mBiVvXSEDT2D_sOg_dA4GvnGsSCL4TYWFjyKcPswMcY corresponding to file name Update_Template_SoSI2026-Area27-upd
DEBUG:/Users/samirjohnson/projects/FAO/SOSI-2026/src/extract.py:-> Downloading file content for ID: 1mBiVvXSEDT2D_sOg_dA4GvnGsSCL4TYWFjyKcPswMcY
DEBUG:googleapiclient.discovery:URL being requested: GET https://www.googleapis.com/drive/v3/files/1mBiVvXSEDT2D_sOg_dA4GvnGsSCL4TYWFjyKcPswMcY/export?mimeType=application%2Fvnd.openxmlformats-officedocument.spreadsheetml.sheet&alt=media
DEBUG:/Users/samirjohnson/projects/FAO/SOSI-2026/src/extract.py:-> Download complete for ID: 1mBiVvXSEDT2D_sOg_dA4GvnGsSCL4TYWFjyKcPswMcY
INFO:/Users/samirjohnson/projects/FAO/SOSI-2026/src/extract.py:-> Successfully loaded data into Pandas DataFrame.
INFO:__main__:--> Extracting source tables
INFO:/Users/samirjohnson/projects/FAO/SOSI-2026/src/extract.py:-> Extracting Update_Template_SoSI2026-Area31-upd from drive.
DEBUG:googleapiclient.discovery:URL being requested: GET https://www.googleapis.com/drive/v3/files?q=name+%3D+%27Update_Template_SoSI2026-Area31-upd%27+and+trashed+%3D+false&spaces=drive&fields=files%28id%2C+mimeType%2C+name%29&pageSize=1&alt=json
DEBUG:/Users/samirjohnson/projects/FAO/SOSI-2026/src/extract.py:-> Found file id: 1aNXdnP6uZNcHsFHimTJeR570Ekpe771duWvIvzDRGK0 corresponding to file name Update_Template_SoSI2026-Area31-upd
DEBUG:/Users/samirjohnson/projects/FAO/SOSI-2026/src/extract.py:-> Downloading file content for ID: 1aNXdnP6uZNcHsFHimTJeR570Ekpe771duWvIvzDRGK0
DEBUG:googleapiclient.discovery:URL being requested: GET https://www.googleapis.com/drive/v3/files/1aNXdnP6uZNcHsFHimTJeR570Ekpe771duWvIvzDRGK0/export?mimeType=application%2Fvnd.openxmlformats-officedocument.spreadsheetml.sheet&alt=media
DEBUG:/Users/samirjohnson/projects/FAO/SOSI-2026/src/extract.py:-> Download complete for ID: 1aNXdnP6uZNcHsFHimTJeR570Ekpe771duWvIvzDRGK0
INFO:/Users/samirjohnson/projects/FAO/SOSI-2026/src/extract.py:-> Successfully loaded data into Pandas DataFrame.
INFO:__main__:--> Extracting source tables
INFO:/Users/samirjohnson/projects/FAO/SOSI-2026/src/extract.py:-> Extracting Update_Template_SoSI2026-Area41-upd from drive.
DEBUG:googleapiclient.discovery:URL being requested: GET https://www.googleapis.com/drive/v3/files?q=name+%3D+%27Update_Template_SoSI2026-Area41-upd%27+and+trashed+%3D+false&spaces=drive&fields=files%28id%2C+mimeType%2C+name%29&pageSize=1&alt=json
DEBUG:/Users/samirjohnson/projects/FAO/SOSI-2026/src/extract.py:-> Found file id: 1mecn2sjEU-58Ty4J_LP3TGmtNUhnt8wEuze9w9GrJyE corresponding to file name Update_Template_SoSI2026-Area41-upd
DEBUG:/Users/samirjohnson/projects/FAO/SOSI-2026/src/extract.py:-> Downloading file content for ID: 1mecn2sjEU-58Ty4J_LP3TGmtNUhnt8wEuze9w9GrJyE
DEBUG:googleapiclient.discovery:URL being requested: GET https://www.googleapis.com/drive/v3/files/1mecn2sjEU-58Ty4J_LP3TGmtNUhnt8wEuze9w9GrJyE/export?mimeType=application%2Fvnd.openxmlformats-officedocument.spreadsheetml.sheet&alt=media
DEBUG:/Users/samirjohnson/projects/FAO/SOSI-2026/src/extract.py:-> Download complete for ID: 1mecn2sjEU-58Ty4J_LP3TGmtNUhnt8wEuze9w9GrJyE
INFO:/Users/samirjohnson/projects/FAO/SOSI-2026/src/extract.py:-> Successfully loaded data into Pandas DataFrame.
INFO:__main__:--> Extracting source tables
INFO:/Users/samirjohnson/projects/FAO/SOSI-2026/src/extract.py:-> Extracting file Aquaculture_Quantity.csv from url: https://www.fao.org/fishery/static/Data/Aquaculture_2025.1.0.zip
DEBUG:urllib3.connectionpool:Starting new HTTPS connection (1): www.fao.org:443
DEBUG:urllib3.connectionpool:https://www.fao.org:443 "GET /fishery/static/Data/Aquaculture_2025.1.0.zip HTTP/1.1" 200 2167356
INFO:/Users/samirjohnson/projects/FAO/SOSI-2026/src/extract.py:-> Successfully extracted file into Pandas DataFrame
INFO:__main__:--> Extracting source tables
INFO:/Users/samirjohnson/projects/FAO/SOSI-2026/src/extract.py:-> Extracting file Capture_Quantity.csv from url: https://www.fao.org/fishery/static/Data/Capture_2025.1.0.zip
DEBUG:urllib3.connectionpool:Starting new HTTPS connection (1): www.fao.org:443
DEBUG:urllib3.connectionpool:https://www.fao.org:443 "GET /fishery/static/Data/Capture_2025.1.0.zip HTTP/1.1" 200 5238950
INFO:/Users/samirjohnson/projects/FAO/SOSI-2026/src/extract.py:-> Successfully extracted file into Pandas DataFrame
INFO:__main__:--> Extracting source tables
INFO:/Users/samirjohnson/projects/FAO/SOSI-2026/src/extract.py:-> Extracting table from url: https://raw.githubusercontent.com/samirjohnson48/SOSI-2025/main/output/clean_data/stock_weights.xlsx
DEBUG:/Users/samirjohnson/projects/FAO/SOSI-2026/src/extract.py:Table url: https://raw.githubusercontent.com/samirjohnson48/SOSI-2025/main/output/clean_data/stock_weights.xlsx
DEBUG:/Users/samirjohnson/projects/FAO/SOSI-2026/src/extract.py:Auth token: GITHUB_ACCESS_TOKEN
DEBUG:urllib3.connectionpool:Starting new HTTPS connection (1): raw.githubusercontent.com:443
DEBUG:urllib3.connectionpool:https://raw.githubusercontent.com:443 "GET /samirjohnson48/SOSI-2025/main/output/clean_data/stock_weights.xlsx HTTP/1.1" 200 79634
INFO:/Users/samirjohnson/projects/FAO/SOSI-2026/src/extract.py:-> Successfully extracted table into Pandas DataFrame
INFO:__main__:--> Extracting source tables
INFO:/Users/samirjohnson/projects/FAO/SOSI-2026/src/extract.py:-> Extracting file ASFIS_sp_2025.csv from url: https://www.fao.org/fishery/static/ASFIS/ASFIS_sp.zip
DEBUG:urllib3.connectionpool:Starting new HTTPS connection (1): www.fao.org:443
DEBUG:urllib3.connectionpool:https://www.fao.org:443 "GET /fishery/static/ASFIS/ASFIS_sp.zip HTTP/1.1" 200 2014343
INFO:/Users/samirjohnson/projects/FAO/SOSI-2026/src/extract.py:-> Successfully extracted file into Pandas DataFrame
INFO:__main__:--> Extracting source tables
INFO:/Users/samirjohnson/projects/FAO/SOSI-2026/src/extract.py:-> Extracting file CL_FI_COUNTRY_GROUPS.csv from url: https://www.fao.org/fishery/static/Data/Capture_2025.1.0.zip
DEBUG:urllib3.connectionpool:Starting new HTTPS connection (1): www.fao.org:443
DEBUG:urllib3.connectionpool:https://www.fao.org:443 "GET /fishery/static/Data/Capture_2025.1.0.zip HTTP/1.1" 200 5238950
INFO:/Users/samirjohnson/projects/FAO/SOSI-2026/src/extract.py:-> Successfully extracted file into Pandas DataFrame
INFO:__main__:---------- Extraction Complete ----------
INFO:__main__:---------- Beginning Transformation ----------
INFO:/Users/samirjohnson/projects/FAO/SOSI-2026/src/transform.py:SOSITransformer initialized.
DEBUG:__main__:Stock reference columns: Index(['fao_area', 'isscaap_code', 'isscaap_group', 'asfis_code',
       'common_name', 'species_name', 'location', 'status_year', 'tier',
       'status', 'uncertainty', 'assessment_update', 'data_owner',
       'data_provider', 'operational_data_process', 'source_citation',
       'source_citation_url', 'grsf_short_name', 'grsf_stock_id',
       'grsf_semantic_id', 'data_provider_stock_id', 'unit_update',
       'subarea_description', 'assessment_method', 'assessment_description',
       'status_basis', 'BdivBref', 'B_refpt', 'FdivFref', 'F_refpts',
       'status_text', 'comments', 'sosi_temp_id', 'sdg_id',
       'sosi_record_type'],
      dtype='object')
INFO:__main__:Applying schema verification and transformations...
INFO:__main__:-> capture schema process
INFO:/Users/samirjohnson/projects/FAO/SOSI-2026/src/transform.py:Dropped 29415 from table: capture based on restriction: lambda col: col == "Q_tlw" for column: MEASURE
DEBUG:/Users/samirjohnson/projects/FAO/SOSI-2026/src/transform.py:         VALUE  PERIOD  AREA.CODE  COUNTRY.UN_CODE MEASURE SPECIES.ALPHA_3_CODE
1025600    0.0    1970         99               32  Q_no_1                  MYS
1025601    0.0    1971         99               32  Q_no_1                  MYS
1025602    0.0    1972         99               32  Q_no_1                  MYS
1025603    0.0    1973         99               32  Q_no_1                  MYS
1025604    0.0    1974         99               32  Q_no_1                  MYS
...        ...     ...        ...              ...     ...                  ...
1055010    0.0    2009         77              896  Q_no_1                  DBO
1055011    0.0    2010         77              896  Q_no_1                  DBO
1055012    0.0    2011         77              896  Q_no_1                  DBO
1055013    0.0    2012         77              896  Q_no_1                  DBO
1055014    0.0    2013         77              896  Q_no_1                  DBO

[29415 rows x 6 columns]
DEBUG:/Users/samirjohnson/projects/FAO/SOSI-2026/src/transform.py:Table capture primary key ['country_un_code', 'asfis_code', 'fao_area', 'year'] passes check duplicate
DEBUG:/Users/samirjohnson/projects/FAO/SOSI-2026/src/transform.py:Table capture primary key ['country_un_code', 'asfis_code', 'fao_area', 'year'] passes check NA
INFO:__main__:-> countries schema process
DEBUG:/Users/samirjohnson/projects/FAO/SOSI-2026/src/transform.py:Table countries primary key ['country_un_code'] passes check duplicate
DEBUG:/Users/samirjohnson/projects/FAO/SOSI-2026/src/transform.py:Table countries primary key ['country_un_code'] passes check NA
INFO:__main__:-> aquaculture schema process
DEBUG:/Users/samirjohnson/projects/FAO/SOSI-2026/src/transform.py:Table aquaculture primary key ['country_un_code', 'asfis_code', 'environment_code', 'fao_area', 'year'] passes check duplicate
DEBUG:/Users/samirjohnson/projects/FAO/SOSI-2026/src/transform.py:Table aquaculture primary key ['country_un_code', 'asfis_code', 'environment_code', 'fao_area', 'year'] passes check NA
INFO:__main__:-> asfis schema process
DEBUG:/Users/samirjohnson/projects/FAO/SOSI-2026/src/transform.py:Table asfis primary key ['asfis_code'] passes check duplicate
DEBUG:/Users/samirjohnson/projects/FAO/SOSI-2026/src/transform.py:Table asfis primary key ['asfis_code'] passes check NA
INFO:__main__:-> stock_reference schema process
INFO:/Users/samirjohnson/projects/FAO/SOSI-2026/src/transform.py:Dropped 0 from table: stock_reference based on restriction: lambda col: col.str.split(";").explode().str.len().astype("Int64").eq(3) for column: asfis_code
INFO:/Users/samirjohnson/projects/FAO/SOSI-2026/src/transform.py:Dropped 0 from table: stock_reference based on restriction: lambda col: col.isin(['U', 'M', 'O', 'X', pd.NA]) for column: status
INFO:/Users/samirjohnson/projects/FAO/SOSI-2026/src/transform.py:Dropped 0 from table: stock_reference based on restriction: lambda col: (col.isin(['L', 'M', 'H', pd.NA])) for column: uncertainty
INFO:/Users/samirjohnson/projects/FAO/SOSI-2026/src/transform.py:Dropped 12 from table: stock_reference based on restriction: lambda col: col.notna() for column: grsf_stock_id
DEBUG:/Users/samirjohnson/projects/FAO/SOSI-2026/src/transform.py:                                              location  ...  fao_areas
230  North Sea, West of Scotland, eastern English C...  ...       [27]
231  North Sea, West of Scotland, eastern English C...  ...       [27]
232  North Sea, West of Scotland, eastern English C...  ...       [27]
233                      Area 27 Division 9.a Southern  ...       [27]
337                                USA Louisiana state  ...       [31]
338                                 USA Gulf of Mexico  ...       [31]
339                             USA Florida east coast  ...       [31]
340                             USA Florida west coast  ...       [31]
341                       Area 31 - USA Atlantic coast  ...       [31]
342                         Area 31 - Western Atlantic  ...       [31]
343                         Area 31 - Western Atlantic  ...       [31]
344                         Area 31 - Western Atlantic  ...       [31]

[12 rows x 13 columns]
DEBUG:/Users/samirjohnson/projects/FAO/SOSI-2026/src/transform.py:Table stock_reference primary key ['grsf_stock_id'] passes check duplicate
DEBUG:/Users/samirjohnson/projects/FAO/SOSI-2026/src/transform.py:Table stock_reference primary key ['grsf_stock_id'] passes check NA
INFO:__main__:-> Computing species landings
INFO:__main__:-> Computing stock landings
INFO:__main__:---------- Beginning Extraction ----------
INFO:googleapiclient.discovery_cache:file_cache is only supported with oauth2client<4.0.0
INFO:__main__:--> Extracting source tables
INFO:__main__:--> Extracting source tables
INFO:__main__:--> Extracting source tables
INFO:__main__:--> Extracting source tables
INFO:__main__:--> Extracting source tables
INFO:__main__:--> Extracting source tables
INFO:__main__:--> Extracting source tables
INFO:__main__:--> Extracting source tables
INFO:__main__:---------- Extraction Complete ----------
INFO:__main__:---------- Beginning Transformation ----------
INFO:/Users/samirjohnson/projects/FAO/SOSI-2026/src/transform.py:SOSITransformer initialized.
DEBUG:__main__:Stock reference columns: Index(['Unnamed: 0', 'fao_area', 'isscaap_code', 'isscaap_group', 'asfis_code',
       'common_name', 'species_name', 'location', 'status_year', 'tier',
       'status', 'uncertainty', 'assessment_update', 'data_owner',
       'data_provider', 'operational_data_process', 'source_citation',
       'source_citation_url', 'grsf_short_name', 'grsf_stock_id',
       'grsf_semantic_id', 'data_provider_stock_id', 'unit_update',
       'subarea_description', 'assessment_method', 'assessment_description',
       'status_basis', 'BdivBref', 'B_refpt', 'FdivFref', 'F_refpts',
       'status_text', 'comments', 'sosi_temp_id', 'sdg_id',
       'sosi_record_type'],
      dtype='object')
INFO:__main__:Applying schema verification and transformations...
INFO:__main__:-> capture schema process
INFO:/Users/samirjohnson/projects/FAO/SOSI-2026/src/transform.py:Dropped 29415 from table: capture based on restriction: lambda col: col == "Q_tlw" for column: MEASURE
DEBUG:/Users/samirjohnson/projects/FAO/SOSI-2026/src/transform.py:        SPECIES.ALPHA_3_CODE  AREA.CODE  PERIOD MEASURE  COUNTRY.UN_CODE  VALUE
1025600                  MYS         99    1970  Q_no_1               32    0.0
1025601                  MYS         99    1971  Q_no_1               32    0.0
1025602                  MYS         99    1972  Q_no_1               32    0.0
1025603                  MYS         99    1973  Q_no_1               32    0.0
1025604                  MYS         99    1974  Q_no_1               32    0.0
...                      ...        ...     ...     ...              ...    ...
1055010                  DBO         77    2009  Q_no_1              896    0.0
1055011                  DBO         77    2010  Q_no_1              896    0.0
1055012                  DBO         77    2011  Q_no_1              896    0.0
1055013                  DBO         77    2012  Q_no_1              896    0.0
1055014                  DBO         77    2013  Q_no_1              896    0.0

[29415 rows x 6 columns]
DEBUG:/Users/samirjohnson/projects/FAO/SOSI-2026/src/transform.py:Table capture primary key ['country_un_code', 'asfis_code', 'fao_area', 'year'] passes check duplicate
DEBUG:/Users/samirjohnson/projects/FAO/SOSI-2026/src/transform.py:Table capture primary key ['country_un_code', 'asfis_code', 'fao_area', 'year'] passes check NA
INFO:__main__:-> countries schema process
DEBUG:/Users/samirjohnson/projects/FAO/SOSI-2026/src/transform.py:Table countries primary key ['country_un_code'] passes check duplicate
DEBUG:/Users/samirjohnson/projects/FAO/SOSI-2026/src/transform.py:Table countries primary key ['country_un_code'] passes check NA
INFO:__main__:-> aquaculture schema process
DEBUG:/Users/samirjohnson/projects/FAO/SOSI-2026/src/transform.py:Table aquaculture primary key ['country_un_code', 'asfis_code', 'environment_code', 'fao_area', 'year'] passes check duplicate
DEBUG:/Users/samirjohnson/projects/FAO/SOSI-2026/src/transform.py:Table aquaculture primary key ['country_un_code', 'asfis_code', 'environment_code', 'fao_area', 'year'] passes check NA
INFO:__main__:-> asfis schema process
DEBUG:/Users/samirjohnson/projects/FAO/SOSI-2026/src/transform.py:Table asfis primary key ['asfis_code'] passes check duplicate
DEBUG:/Users/samirjohnson/projects/FAO/SOSI-2026/src/transform.py:Table asfis primary key ['asfis_code'] passes check NA
INFO:__main__:-> stock_reference schema process
INFO:/Users/samirjohnson/projects/FAO/SOSI-2026/src/transform.py:Dropped 0 from table: stock_reference based on restriction: lambda col: col.str.split(";").explode().str.len().astype("Int64").eq(3) for column: asfis_code
INFO:/Users/samirjohnson/projects/FAO/SOSI-2026/src/transform.py:Dropped 0 from table: stock_reference based on restriction: lambda col: col.isin(['U', 'M', 'O', 'X', pd.NA]) for column: status
INFO:/Users/samirjohnson/projects/FAO/SOSI-2026/src/transform.py:Dropped 0 from table: stock_reference based on restriction: lambda col: (col.isin(['L', 'M', 'H', pd.NA])) for column: uncertainty
INFO:/Users/samirjohnson/projects/FAO/SOSI-2026/src/transform.py:Dropped 12 from table: stock_reference based on restriction: lambda col: col.notna() for column: grsf_stock_id
DEBUG:/Users/samirjohnson/projects/FAO/SOSI-2026/src/transform.py:     isscaap_code               species_name status  ...  tier uncertainty fao_areas
230            32               Gadus morhua      O  ...     1           L      [27]
231            32               Gadus morhua      M  ...     1           L      [27]
232            32               Gadus morhua      M  ...     1           L      [27]
233            35     Engraulis encrasicolus      M  ...     3           M      [27]
337            31   Paralichthys lethostigma      M  ...     1           L      [31]
338            33  Hyporthodus flavolimbatus      U  ...     1           L      [31]
339            33        Cynoscion nebulosus      U  ...     1           L      [31]
340            33        Cynoscion nebulosus      U  ...     1           L      [31]
341            37       Rachycentron canadum      U  ...     1           M      [31]
342            38             Sphyrna lewini      U  ...     1           M      [31]
343            38           Sphyrna mokarran      O  ...     1           M      [31]
344            38            Sphyrna zygaena      O  ...     1           L      [31]

[12 rows x 13 columns]
DEBUG:/Users/samirjohnson/projects/FAO/SOSI-2026/src/transform.py:Table stock_reference primary key ['grsf_stock_id'] passes check duplicate
DEBUG:/Users/samirjohnson/projects/FAO/SOSI-2026/src/transform.py:Table stock_reference primary key ['grsf_stock_id'] passes check NA
INFO:__main__:-> Computing species landings
INFO:__main__:-> Computing stock landings
INFO:__main__:---------- Beginning Extraction ----------
INFO:googleapiclient.discovery_cache:file_cache is only supported with oauth2client<4.0.0
INFO:__main__:--> Extracting source tables
INFO:__main__:--> Extracting source tables
INFO:__main__:--> Extracting source tables
INFO:__main__:--> Extracting source tables
INFO:__main__:--> Extracting source tables
INFO:__main__:--> Extracting source tables
INFO:__main__:--> Extracting source tables
INFO:__main__:--> Extracting source tables
INFO:__main__:---------- Extraction Complete ----------
INFO:__main__:---------- Beginning Transformation ----------
INFO:/Users/samirjohnson/projects/FAO/SOSI-2026/src/transform.py:SOSITransformer initialized.
DEBUG:__main__:Stock reference columns: Index(['Unnamed: 0', 'fao_area', 'isscaap_code', 'isscaap_group', 'asfis_code',
       'common_name', 'species_name', 'location', 'status_year', 'tier',
       'status', 'uncertainty', 'assessment_update', 'data_owner',
       'data_provider', 'operational_data_process', 'source_citation',
       'source_citation_url', 'grsf_short_name', 'grsf_stock_id',
       'grsf_semantic_id', 'data_provider_stock_id', 'unit_update',
       'subarea_description', 'assessment_method', 'assessment_description',
       'status_basis', 'BdivBref', 'B_refpt', 'FdivFref', 'F_refpts',
       'status_text', 'comments', 'sosi_temp_id', 'sdg_id',
       'sosi_record_type'],
      dtype='object')
INFO:__main__:Applying schema verification and transformations...
INFO:__main__:-> capture schema process
INFO:/Users/samirjohnson/projects/FAO/SOSI-2026/src/transform.py:Dropped 29415 from table: capture based on restriction: lambda col: col == "Q_tlw" for column: MEASURE
DEBUG:/Users/samirjohnson/projects/FAO/SOSI-2026/src/transform.py:        SPECIES.ALPHA_3_CODE  PERIOD  VALUE  COUNTRY.UN_CODE MEASURE  AREA.CODE
1025600                  MYS    1970    0.0               32  Q_no_1         99
1025601                  MYS    1971    0.0               32  Q_no_1         99
1025602                  MYS    1972    0.0               32  Q_no_1         99
1025603                  MYS    1973    0.0               32  Q_no_1         99
1025604                  MYS    1974    0.0               32  Q_no_1         99
...                      ...     ...    ...              ...     ...        ...
1055010                  DBO    2009    0.0              896  Q_no_1         77
1055011                  DBO    2010    0.0              896  Q_no_1         77
1055012                  DBO    2011    0.0              896  Q_no_1         77
1055013                  DBO    2012    0.0              896  Q_no_1         77
1055014                  DBO    2013    0.0              896  Q_no_1         77

[29415 rows x 6 columns]
DEBUG:/Users/samirjohnson/projects/FAO/SOSI-2026/src/transform.py:Table capture primary key ['country_un_code', 'asfis_code', 'fao_area', 'year'] passes check duplicate
DEBUG:/Users/samirjohnson/projects/FAO/SOSI-2026/src/transform.py:Table capture primary key ['country_un_code', 'asfis_code', 'fao_area', 'year'] passes check NA
INFO:__main__:-> countries schema process
DEBUG:/Users/samirjohnson/projects/FAO/SOSI-2026/src/transform.py:Table countries primary key ['country_un_code'] passes check duplicate
DEBUG:/Users/samirjohnson/projects/FAO/SOSI-2026/src/transform.py:Table countries primary key ['country_un_code'] passes check NA
INFO:__main__:-> aquaculture schema process
DEBUG:/Users/samirjohnson/projects/FAO/SOSI-2026/src/transform.py:Table aquaculture primary key ['country_un_code', 'asfis_code', 'environment_code', 'fao_area', 'year'] passes check duplicate
DEBUG:/Users/samirjohnson/projects/FAO/SOSI-2026/src/transform.py:Table aquaculture primary key ['country_un_code', 'asfis_code', 'environment_code', 'fao_area', 'year'] passes check NA
INFO:__main__:-> asfis schema process
DEBUG:/Users/samirjohnson/projects/FAO/SOSI-2026/src/transform.py:Table asfis primary key ['asfis_code'] passes check duplicate
DEBUG:/Users/samirjohnson/projects/FAO/SOSI-2026/src/transform.py:Table asfis primary key ['asfis_code'] passes check NA
INFO:__main__:-> stock_reference schema process
INFO:/Users/samirjohnson/projects/FAO/SOSI-2026/src/transform.py:Dropped 0 from table: stock_reference based on restriction: lambda col: col.str.split(";").explode().str.len().astype("Int64").eq(3) for column: asfis_code
INFO:/Users/samirjohnson/projects/FAO/SOSI-2026/src/transform.py:Dropped 0 from table: stock_reference based on restriction: lambda col: col.isin(['U', 'M', 'O', 'X', pd.NA]) for column: status
INFO:/Users/samirjohnson/projects/FAO/SOSI-2026/src/transform.py:Dropped 0 from table: stock_reference based on restriction: lambda col: (col.isin(['L', 'M', 'H', pd.NA])) for column: uncertainty
INFO:/Users/samirjohnson/projects/FAO/SOSI-2026/src/transform.py:Dropped 12 from table: stock_reference based on restriction: lambda col: col.notna() for column: grsf_stock_id
DEBUG:/Users/samirjohnson/projects/FAO/SOSI-2026/src/transform.py:    asfis_code  status_year grsf_stock_id  ... uncertainty tier  fao_areas
230        COD         2023          <NA>  ...           L    1       [27]
231        COD         2023          <NA>  ...           L    1       [27]
232        COD         2023          <NA>  ...           L    1       [27]
233        ANE         2023          <NA>  ...           M    3       [27]
337        YSH         2023          <NA>  ...           L    1       [31]
338        EEL         2021          <NA>  ...           L    1       [31]
339        SWF         2023          <NA>  ...           L    1       [31]
340        SWF         2023          <NA>  ...           L    1       [31]
341        CBA         2017          <NA>  ...           M    1       [31]
342        SPL         2019          <NA>  ...           M    1       [31]
343        SPK         2019          <NA>  ...           M    1       [31]
344        SPZ         2021          <NA>  ...           L    1       [31]

[12 rows x 13 columns]
DEBUG:/Users/samirjohnson/projects/FAO/SOSI-2026/src/transform.py:Table stock_reference primary key ['grsf_stock_id'] passes check duplicate
DEBUG:/Users/samirjohnson/projects/FAO/SOSI-2026/src/transform.py:Table stock_reference primary key ['grsf_stock_id'] passes check NA
INFO:__main__:-> Computing species landings
INFO:__main__:-> Computing stock landings
INFO:__main__:---------- Beginning Extraction ----------
INFO:googleapiclient.discovery_cache:file_cache is only supported with oauth2client<4.0.0
INFO:__main__:--> Extracting source tables
INFO:__main__:--> Extracting source tables
INFO:__main__:--> Extracting source tables
INFO:__main__:--> Extracting source tables
INFO:__main__:--> Extracting source tables
INFO:__main__:--> Extracting source tables
INFO:__main__:--> Extracting source tables
INFO:__main__:--> Extracting source tables
INFO:__main__:---------- Extraction Complete ----------
INFO:__main__:---------- Beginning Transformation ----------
INFO:/Users/samirjohnson/projects/FAO/SOSI-2026/src/transform.py:SOSITransformer initialized.
DEBUG:__main__:Stock reference columns: Index(['Unnamed: 0', 'fao_area', 'isscaap_code', 'isscaap_group', 'asfis_code',
       'common_name', 'species_name', 'location', 'status_year', 'tier',
       'status', 'uncertainty', 'assessment_update', 'data_owner',
       'data_provider', 'operational_data_process', 'source_citation',
       'source_citation_url', 'grsf_short_name', 'grsf_stock_id',
       'grsf_semantic_id', 'data_provider_stock_id', 'unit_update',
       'subarea_description', 'assessment_method', 'assessment_description',
       'status_basis', 'BdivBref', 'B_refpt', 'FdivFref', 'F_refpts',
       'status_text', 'comments', 'sosi_temp_id', 'sdg_id',
       'sosi_record_type'],
      dtype='object')
INFO:__main__:Applying schema verification and transformations...
INFO:__main__:-> capture schema process
INFO:/Users/samirjohnson/projects/FAO/SOSI-2026/src/transform.py:Dropped 29415 from table: capture based on restriction: lambda col: col == "Q_tlw" for column: MEASURE
DEBUG:/Users/samirjohnson/projects/FAO/SOSI-2026/src/transform.py:        SPECIES.ALPHA_3_CODE  VALUE  AREA.CODE  COUNTRY.UN_CODE MEASURE  PERIOD
1025600                  MYS    0.0         99               32  Q_no_1    1970
1025601                  MYS    0.0         99               32  Q_no_1    1971
1025602                  MYS    0.0         99               32  Q_no_1    1972
1025603                  MYS    0.0         99               32  Q_no_1    1973
1025604                  MYS    0.0         99               32  Q_no_1    1974
...                      ...    ...        ...              ...     ...     ...
1055010                  DBO    0.0         77              896  Q_no_1    2009
1055011                  DBO    0.0         77              896  Q_no_1    2010
1055012                  DBO    0.0         77              896  Q_no_1    2011
1055013                  DBO    0.0         77              896  Q_no_1    2012
1055014                  DBO    0.0         77              896  Q_no_1    2013

[29415 rows x 6 columns]
DEBUG:/Users/samirjohnson/projects/FAO/SOSI-2026/src/transform.py:Table capture primary key ['country_un_code', 'asfis_code', 'fao_area', 'year'] passes check duplicate
DEBUG:/Users/samirjohnson/projects/FAO/SOSI-2026/src/transform.py:Table capture primary key ['country_un_code', 'asfis_code', 'fao_area', 'year'] passes check NA
INFO:__main__:-> countries schema process
DEBUG:/Users/samirjohnson/projects/FAO/SOSI-2026/src/transform.py:Table countries primary key ['country_un_code'] passes check duplicate
DEBUG:/Users/samirjohnson/projects/FAO/SOSI-2026/src/transform.py:Table countries primary key ['country_un_code'] passes check NA
INFO:__main__:-> aquaculture schema process
DEBUG:/Users/samirjohnson/projects/FAO/SOSI-2026/src/transform.py:Table aquaculture primary key ['country_un_code', 'asfis_code', 'environment_code', 'fao_area', 'year'] passes check duplicate
DEBUG:/Users/samirjohnson/projects/FAO/SOSI-2026/src/transform.py:Table aquaculture primary key ['country_un_code', 'asfis_code', 'environment_code', 'fao_area', 'year'] passes check NA
INFO:__main__:-> asfis schema process
DEBUG:/Users/samirjohnson/projects/FAO/SOSI-2026/src/transform.py:Table asfis primary key ['asfis_code'] passes check duplicate
DEBUG:/Users/samirjohnson/projects/FAO/SOSI-2026/src/transform.py:Table asfis primary key ['asfis_code'] passes check NA
INFO:__main__:-> stock_reference schema process
INFO:/Users/samirjohnson/projects/FAO/SOSI-2026/src/transform.py:Dropped 0 from table: stock_reference based on restriction: lambda col: col.str.split(";").explode().str.len().astype("Int64").eq(3) for column: asfis_code
INFO:/Users/samirjohnson/projects/FAO/SOSI-2026/src/transform.py:Dropped 0 from table: stock_reference based on restriction: lambda col: col.isin(['U', 'M', 'O', 'X', pd.NA]) for column: status
INFO:/Users/samirjohnson/projects/FAO/SOSI-2026/src/transform.py:Dropped 0 from table: stock_reference based on restriction: lambda col: (col.isin(['L', 'M', 'H', pd.NA])) for column: uncertainty
INFO:/Users/samirjohnson/projects/FAO/SOSI-2026/src/transform.py:Dropped 12 from table: stock_reference based on restriction: lambda col: col.notna() for column: grsf_stock_id
DEBUG:/Users/samirjohnson/projects/FAO/SOSI-2026/src/transform.py:     tier           common_name  ... isscaap_code fao_areas
230     1          Atlantic cod  ...           32      [27]
231     1          Atlantic cod  ...           32      [27]
232     1          Atlantic cod  ...           32      [27]
233     3      European anchovy  ...           35      [27]
337     1     Southern flounder  ...           31      [31]
338     1    Yellowedge grouper  ...           33      [31]
339     1      Spotted weakfish  ...           33      [31]
340     1      Spotted weakfish  ...           33      [31]
341     1                 Cobia  ...           37      [31]
342     1  Scalloped hammerhead  ...           38      [31]
343     1      Great hammerhead  ...           38      [31]
344     1     Smooth hammerhead  ...           38      [31]

[12 rows x 13 columns]
DEBUG:/Users/samirjohnson/projects/FAO/SOSI-2026/src/transform.py:Table stock_reference primary key ['grsf_stock_id'] passes check duplicate
DEBUG:/Users/samirjohnson/projects/FAO/SOSI-2026/src/transform.py:Table stock_reference primary key ['grsf_stock_id'] passes check NA
INFO:__main__:-> Computing species landings
INFO:__main__:-> Computing stock landings
INFO:__main__:---------- Beginning Extraction ----------
INFO:googleapiclient.discovery_cache:file_cache is only supported with oauth2client<4.0.0
INFO:__main__:--> Extracting source tables
INFO:__main__:--> Extracting source tables
INFO:__main__:--> Extracting source tables
INFO:__main__:--> Extracting source tables
INFO:__main__:--> Extracting source tables
INFO:__main__:--> Extracting source tables
INFO:__main__:--> Extracting source tables
INFO:__main__:--> Extracting source tables
INFO:__main__:---------- Extraction Complete ----------
INFO:__main__:---------- Beginning Transformation ----------
INFO:/Users/samirjohnson/projects/FAO/SOSI-2026/src/transform.py:SOSITransformer initialized.
DEBUG:__main__:Stock reference columns: Index(['Unnamed: 0', 'fao_area', 'isscaap_code', 'isscaap_group', 'asfis_code',
       'common_name', 'species_name', 'location', 'status_year', 'tier',
       'status', 'uncertainty', 'assessment_update', 'data_owner',
       'data_provider', 'operational_data_process', 'source_citation',
       'source_citation_url', 'grsf_short_name', 'grsf_stock_id',
       'grsf_semantic_id', 'data_provider_stock_id', 'unit_update',
       'subarea_description', 'assessment_method', 'assessment_description',
       'status_basis', 'BdivBref', 'B_refpt', 'FdivFref', 'F_refpts',
       'status_text', 'comments', 'sosi_temp_id', 'sdg_id',
       'sosi_record_type'],
      dtype='object')
INFO:__main__:Applying schema verification and transformations...
INFO:__main__:-> capture schema process
INFO:/Users/samirjohnson/projects/FAO/SOSI-2026/src/transform.py:Dropped 29415 from table: capture based on restriction: lambda col: col == "Q_tlw" for column: MEASURE
DEBUG:/Users/samirjohnson/projects/FAO/SOSI-2026/src/transform.py:         COUNTRY.UN_CODE  PERIOD  VALUE SPECIES.ALPHA_3_CODE  AREA.CODE MEASURE
1025600               32    1970    0.0                  MYS         99  Q_no_1
1025601               32    1971    0.0                  MYS         99  Q_no_1
1025602               32    1972    0.0                  MYS         99  Q_no_1
1025603               32    1973    0.0                  MYS         99  Q_no_1
1025604               32    1974    0.0                  MYS         99  Q_no_1
...                  ...     ...    ...                  ...        ...     ...
1055010              896    2009    0.0                  DBO         77  Q_no_1
1055011              896    2010    0.0                  DBO         77  Q_no_1
1055012              896    2011    0.0                  DBO         77  Q_no_1
1055013              896    2012    0.0                  DBO         77  Q_no_1
1055014              896    2013    0.0                  DBO         77  Q_no_1

[29415 rows x 6 columns]
DEBUG:/Users/samirjohnson/projects/FAO/SOSI-2026/src/transform.py:Table capture primary key ['country_un_code', 'asfis_code', 'fao_area', 'year'] passes check duplicate
DEBUG:/Users/samirjohnson/projects/FAO/SOSI-2026/src/transform.py:Table capture primary key ['country_un_code', 'asfis_code', 'fao_area', 'year'] passes check NA
INFO:__main__:-> countries schema process
DEBUG:/Users/samirjohnson/projects/FAO/SOSI-2026/src/transform.py:Table countries primary key ['country_un_code'] passes check duplicate
DEBUG:/Users/samirjohnson/projects/FAO/SOSI-2026/src/transform.py:Table countries primary key ['country_un_code'] passes check NA
INFO:__main__:-> aquaculture schema process
DEBUG:/Users/samirjohnson/projects/FAO/SOSI-2026/src/transform.py:Table aquaculture primary key ['country_un_code', 'asfis_code', 'environment_code', 'fao_area', 'year'] passes check duplicate
DEBUG:/Users/samirjohnson/projects/FAO/SOSI-2026/src/transform.py:Table aquaculture primary key ['country_un_code', 'asfis_code', 'environment_code', 'fao_area', 'year'] passes check NA
INFO:__main__:-> asfis schema process
DEBUG:/Users/samirjohnson/projects/FAO/SOSI-2026/src/transform.py:Table asfis primary key ['asfis_code'] passes check duplicate
DEBUG:/Users/samirjohnson/projects/FAO/SOSI-2026/src/transform.py:Table asfis primary key ['asfis_code'] passes check NA
INFO:__main__:-> stock_reference schema process
INFO:/Users/samirjohnson/projects/FAO/SOSI-2026/src/transform.py:Dropped 0 from table: stock_reference based on restriction: lambda col: col.str.split(";").explode().str.len().astype("Int64").eq(3) for column: asfis_code
INFO:/Users/samirjohnson/projects/FAO/SOSI-2026/src/transform.py:Dropped 0 from table: stock_reference based on restriction: lambda col: col.isin(['U', 'M', 'O', 'X', pd.NA]) for column: status
INFO:/Users/samirjohnson/projects/FAO/SOSI-2026/src/transform.py:Dropped 0 from table: stock_reference based on restriction: lambda col: (col.isin(['L', 'M', 'H', pd.NA])) for column: uncertainty
INFO:/Users/samirjohnson/projects/FAO/SOSI-2026/src/transform.py:Dropped 12 from table: stock_reference based on restriction: lambda col: col.notna() for column: grsf_stock_id
DEBUG:/Users/samirjohnson/projects/FAO/SOSI-2026/src/transform.py:     isscaap_code  tier grsf_stock_id  ... fao_area asfis_code fao_areas
230            32     1          <NA>  ...   fao:27        COD      [27]
231            32     1          <NA>  ...   fao:27        COD      [27]
232            32     1          <NA>  ...   fao:27        COD      [27]
233            35     3          <NA>  ...   fao:27        ANE      [27]
337            31     1          <NA>  ...   fao:31        YSH      [31]
338            33     1          <NA>  ...   fao:31        EEL      [31]
339            33     1          <NA>  ...   fao:31        SWF      [31]
340            33     1          <NA>  ...   fao:31        SWF      [31]
341            37     1          <NA>  ...   fao:31        CBA      [31]
342            38     1          <NA>  ...   fao:31        SPL      [31]
343            38     1          <NA>  ...   fao:31        SPK      [31]
344            38     1          <NA>  ...   fao:31        SPZ      [31]

[12 rows x 13 columns]
DEBUG:/Users/samirjohnson/projects/FAO/SOSI-2026/src/transform.py:Table stock_reference primary key ['grsf_stock_id'] passes check duplicate
DEBUG:/Users/samirjohnson/projects/FAO/SOSI-2026/src/transform.py:Table stock_reference primary key ['grsf_stock_id'] passes check NA
INFO:__main__:-> Computing species landings
INFO:__main__:-> Computing stock landings
INFO:__main__:---------- Beginning Extraction ----------
INFO:googleapiclient.discovery_cache:file_cache is only supported with oauth2client<4.0.0
INFO:__main__:--> Extracting source tables
INFO:__main__:--> Extracting source tables
INFO:__main__:--> Extracting source tables
INFO:__main__:--> Extracting source tables
INFO:__main__:--> Extracting source tables
INFO:__main__:--> Extracting source tables
INFO:__main__:--> Extracting source tables
INFO:__main__:--> Extracting source tables
INFO:__main__:---------- Extraction Complete ----------
INFO:__main__:---------- Beginning Transformation ----------
INFO:/Users/samirjohnson/projects/FAO/SOSI-2026/src/transform.py:SOSITransformer initialized.
DEBUG:__main__:Stock reference columns: Index(['Unnamed: 0', 'fao_area', 'isscaap_code', 'isscaap_group', 'asfis_code',
       'common_name', 'species_name', 'location', 'status_year', 'tier',
       'status', 'uncertainty', 'assessment_update', 'data_owner',
       'data_provider', 'operational_data_process', 'source_citation',
       'source_citation_url', 'grsf_short_name', 'grsf_stock_id',
       'grsf_semantic_id', 'data_provider_stock_id', 'unit_update',
       'subarea_description', 'assessment_method', 'assessment_description',
       'status_basis', 'BdivBref', 'B_refpt', 'FdivFref', 'F_refpts',
       'status_text', 'comments', 'sosi_temp_id', 'sdg_id',
       'sosi_record_type'],
      dtype='object')
INFO:__main__:Applying schema verification and transformations...
INFO:__main__:-> capture schema process
INFO:/Users/samirjohnson/projects/FAO/SOSI-2026/src/transform.py:Dropped 29415 from table: capture based on restriction: lambda col: col == "Q_tlw" for column: MEASURE
DEBUG:/Users/samirjohnson/projects/FAO/SOSI-2026/src/transform.py:        MEASURE SPECIES.ALPHA_3_CODE  VALUE  AREA.CODE  COUNTRY.UN_CODE  PERIOD
1025600  Q_no_1                  MYS    0.0         99               32    1970
1025601  Q_no_1                  MYS    0.0         99               32    1971
1025602  Q_no_1                  MYS    0.0         99               32    1972
1025603  Q_no_1                  MYS    0.0         99               32    1973
1025604  Q_no_1                  MYS    0.0         99               32    1974
...         ...                  ...    ...        ...              ...     ...
1055010  Q_no_1                  DBO    0.0         77              896    2009
1055011  Q_no_1                  DBO    0.0         77              896    2010
1055012  Q_no_1                  DBO    0.0         77              896    2011
1055013  Q_no_1                  DBO    0.0         77              896    2012
1055014  Q_no_1                  DBO    0.0         77              896    2013

[29415 rows x 6 columns]
DEBUG:/Users/samirjohnson/projects/FAO/SOSI-2026/src/transform.py:Table capture primary key ['country_un_code', 'asfis_code', 'fao_area', 'year'] passes check duplicate
DEBUG:/Users/samirjohnson/projects/FAO/SOSI-2026/src/transform.py:Table capture primary key ['country_un_code', 'asfis_code', 'fao_area', 'year'] passes check NA
INFO:__main__:-> countries schema process
DEBUG:/Users/samirjohnson/projects/FAO/SOSI-2026/src/transform.py:Table countries primary key ['country_un_code'] passes check duplicate
DEBUG:/Users/samirjohnson/projects/FAO/SOSI-2026/src/transform.py:Table countries primary key ['country_un_code'] passes check NA
INFO:__main__:-> aquaculture schema process
DEBUG:/Users/samirjohnson/projects/FAO/SOSI-2026/src/transform.py:Table aquaculture primary key ['country_un_code', 'asfis_code', 'environment_code', 'fao_area', 'year'] passes check duplicate
DEBUG:/Users/samirjohnson/projects/FAO/SOSI-2026/src/transform.py:Table aquaculture primary key ['country_un_code', 'asfis_code', 'environment_code', 'fao_area', 'year'] passes check NA
INFO:__main__:-> asfis schema process
DEBUG:/Users/samirjohnson/projects/FAO/SOSI-2026/src/transform.py:Table asfis primary key ['asfis_code'] passes check duplicate
DEBUG:/Users/samirjohnson/projects/FAO/SOSI-2026/src/transform.py:Table asfis primary key ['asfis_code'] passes check NA
INFO:__main__:-> stock_reference schema process
INFO:/Users/samirjohnson/projects/FAO/SOSI-2026/src/transform.py:Dropped 0 from table: stock_reference based on restriction: lambda col: col.str.split(";").explode().str.len().astype("Int64").eq(3) for column: asfis_code
INFO:/Users/samirjohnson/projects/FAO/SOSI-2026/src/transform.py:Dropped 0 from table: stock_reference based on restriction: lambda col: col.isin(['U', 'M', 'O', 'X', pd.NA]) for column: status
INFO:/Users/samirjohnson/projects/FAO/SOSI-2026/src/transform.py:Dropped 0 from table: stock_reference based on restriction: lambda col: (col.isin(['L', 'M', 'H', pd.NA])) for column: uncertainty
INFO:/Users/samirjohnson/projects/FAO/SOSI-2026/src/transform.py:Dropped 12 from table: stock_reference based on restriction: lambda col: col.notna() for column: grsf_stock_id
DEBUG:/Users/samirjohnson/projects/FAO/SOSI-2026/src/transform.py:     status_year status                                           location  isscaap_code  ...           common_name asfis_code tier fao_areas
230         2023      O  North Sea, West of Scotland, eastern English C...            32  ...          Atlantic cod        COD    1      [27]
231         2023      M  North Sea, West of Scotland, eastern English C...            32  ...          Atlantic cod        COD    1      [27]
232         2023      M  North Sea, West of Scotland, eastern English C...            32  ...          Atlantic cod        COD    1      [27]
233         2023      M                      Area 27 Division 9.a Southern            35  ...      European anchovy        ANE    3      [27]
337         2023      M                                USA Louisiana state            31  ...     Southern flounder        YSH    1      [31]
338         2021      U                                 USA Gulf of Mexico            33  ...    Yellowedge grouper        EEL    1      [31]
339         2023      U                             USA Florida east coast            33  ...      Spotted weakfish        SWF    1      [31]
340         2023      U                             USA Florida west coast            33  ...      Spotted weakfish        SWF    1      [31]
341         2017      U                       Area 31 - USA Atlantic coast            37  ...                 Cobia        CBA    1      [31]
342         2019      U                         Area 31 - Western Atlantic            38  ...  Scalloped hammerhead        SPL    1      [31]
343         2019      O                         Area 31 - Western Atlantic            38  ...      Great hammerhead        SPK    1      [31]
344         2021      O                         Area 31 - Western Atlantic            38  ...     Smooth hammerhead        SPZ    1      [31]

[12 rows x 13 columns]
DEBUG:/Users/samirjohnson/projects/FAO/SOSI-2026/src/transform.py:Table stock_reference primary key ['grsf_stock_id'] passes check duplicate
DEBUG:/Users/samirjohnson/projects/FAO/SOSI-2026/src/transform.py:Table stock_reference primary key ['grsf_stock_id'] passes check NA
INFO:__main__:-> Computing species landings
INFO:__main__:-> Computing stock landings
INFO:__main__:---------- Beginning Extraction ----------
INFO:googleapiclient.discovery_cache:file_cache is only supported with oauth2client<4.0.0
INFO:__main__:--> Extracting source tables
INFO:__main__:--> Extracting source tables
INFO:__main__:--> Extracting source tables
INFO:__main__:--> Extracting source tables
INFO:__main__:--> Extracting source tables
INFO:__main__:--> Extracting source tables
INFO:__main__:--> Extracting source tables
INFO:__main__:--> Extracting source tables
INFO:__main__:---------- Extraction Complete ----------
INFO:__main__:---------- Beginning Transformation ----------
INFO:/Users/samirjohnson/projects/FAO/SOSI-2026/src/transform.py:SOSITransformer initialized.
DEBUG:__main__:Stock reference columns: Index(['Unnamed: 0', 'fao_area', 'isscaap_code', 'isscaap_group', 'asfis_code',
       'common_name', 'species_name', 'location', 'status_year', 'tier',
       'status', 'uncertainty', 'assessment_update', 'data_owner',
       'data_provider', 'operational_data_process', 'source_citation',
       'source_citation_url', 'grsf_short_name', 'grsf_stock_id',
       'grsf_semantic_id', 'data_provider_stock_id', 'unit_update',
       'subarea_description', 'assessment_method', 'assessment_description',
       'status_basis', 'BdivBref', 'B_refpt', 'FdivFref', 'F_refpts',
       'status_text', 'comments', 'sosi_temp_id', 'sdg_id',
       'sosi_record_type'],
      dtype='object')
INFO:__main__:Applying schema verification and transformations...
INFO:__main__:-> capture schema process
INFO:/Users/samirjohnson/projects/FAO/SOSI-2026/src/transform.py:Dropped 29415 from table: capture based on restriction: lambda col: col == "Q_tlw" for column: MEASURE
DEBUG:/Users/samirjohnson/projects/FAO/SOSI-2026/src/transform.py:         COUNTRY.UN_CODE  VALUE  PERIOD SPECIES.ALPHA_3_CODE  AREA.CODE MEASURE
1025600               32    0.0    1970                  MYS         99  Q_no_1
1025601               32    0.0    1971                  MYS         99  Q_no_1
1025602               32    0.0    1972                  MYS         99  Q_no_1
1025603               32    0.0    1973                  MYS         99  Q_no_1
1025604               32    0.0    1974                  MYS         99  Q_no_1
...                  ...    ...     ...                  ...        ...     ...
1055010              896    0.0    2009                  DBO         77  Q_no_1
1055011              896    0.0    2010                  DBO         77  Q_no_1
1055012              896    0.0    2011                  DBO         77  Q_no_1
1055013              896    0.0    2012                  DBO         77  Q_no_1
1055014              896    0.0    2013                  DBO         77  Q_no_1

[29415 rows x 6 columns]
DEBUG:/Users/samirjohnson/projects/FAO/SOSI-2026/src/transform.py:Table capture primary key ['country_un_code', 'asfis_code', 'fao_area', 'year'] passes check duplicate
DEBUG:/Users/samirjohnson/projects/FAO/SOSI-2026/src/transform.py:Table capture primary key ['country_un_code', 'asfis_code', 'fao_area', 'year'] passes check NA
INFO:__main__:-> countries schema process
DEBUG:/Users/samirjohnson/projects/FAO/SOSI-2026/src/transform.py:Table countries primary key ['country_un_code'] passes check duplicate
DEBUG:/Users/samirjohnson/projects/FAO/SOSI-2026/src/transform.py:Table countries primary key ['country_un_code'] passes check NA
INFO:__main__:-> aquaculture schema process
DEBUG:/Users/samirjohnson/projects/FAO/SOSI-2026/src/transform.py:Table aquaculture primary key ['country_un_code', 'asfis_code', 'environment_code', 'fao_area', 'year'] passes check duplicate
DEBUG:/Users/samirjohnson/projects/FAO/SOSI-2026/src/transform.py:Table aquaculture primary key ['country_un_code', 'asfis_code', 'environment_code', 'fao_area', 'year'] passes check NA
INFO:__main__:-> asfis schema process
DEBUG:/Users/samirjohnson/projects/FAO/SOSI-2026/src/transform.py:Table asfis primary key ['asfis_code'] passes check duplicate
DEBUG:/Users/samirjohnson/projects/FAO/SOSI-2026/src/transform.py:Table asfis primary key ['asfis_code'] passes check NA
INFO:__main__:-> stock_reference schema process
INFO:/Users/samirjohnson/projects/FAO/SOSI-2026/src/transform.py:Dropped 0 from table: stock_reference based on restriction: lambda col: col.str.split(";").explode().str.len().astype("Int64").eq(3) for column: asfis_code
INFO:/Users/samirjohnson/projects/FAO/SOSI-2026/src/transform.py:Dropped 0 from table: stock_reference based on restriction: lambda col: col.isin(['U', 'M', 'O', 'X', pd.NA]) for column: status
INFO:/Users/samirjohnson/projects/FAO/SOSI-2026/src/transform.py:Dropped 0 from table: stock_reference based on restriction: lambda col: (col.isin(['L', 'M', 'H', pd.NA])) for column: uncertainty
INFO:/Users/samirjohnson/projects/FAO/SOSI-2026/src/transform.py:Dropped 12 from table: stock_reference based on restriction: lambda col: col.notna() for column: grsf_stock_id
DEBUG:/Users/samirjohnson/projects/FAO/SOSI-2026/src/transform.py:     status_year                  isscaap_group grsf_stock_id               species_name  ... fao_area  uncertainty asfis_code  fao_areas
230         2023          Cods, hakes, haddocks          <NA>               Gadus morhua  ...   fao:27            L        COD       [27]
231         2023          Cods, hakes, haddocks          <NA>               Gadus morhua  ...   fao:27            L        COD       [27]
232         2023          Cods, hakes, haddocks          <NA>               Gadus morhua  ...   fao:27            L        COD       [27]
233         2023  Herrings, sardines, anchovies          <NA>     Engraulis encrasicolus  ...   fao:27            M        ANE       [27]
337         2023     Flounders, halibuts, soles          <NA>   Paralichthys lethostigma  ...   fao:31            L        YSH       [31]
338         2021   Miscellaneous coastal fishes          <NA>  Hyporthodus flavolimbatus  ...   fao:31            L        EEL       [31]
339         2023   Miscellaneous coastal fishes          <NA>        Cynoscion nebulosus  ...   fao:31            L        SWF       [31]
340         2023   Miscellaneous coastal fishes          <NA>        Cynoscion nebulosus  ...   fao:31            L        SWF       [31]
341         2017   Miscellaneous pelagic fishes          <NA>       Rachycentron canadum  ...   fao:31            M        CBA       [31]
342         2019        Sharks, rays, chimaeras          <NA>             Sphyrna lewini  ...   fao:31            M        SPL       [31]
343         2019        Sharks, rays, chimaeras          <NA>           Sphyrna mokarran  ...   fao:31            M        SPK       [31]
344         2021        Sharks, rays, chimaeras          <NA>            Sphyrna zygaena  ...   fao:31            L        SPZ       [31]

[12 rows x 13 columns]
DEBUG:/Users/samirjohnson/projects/FAO/SOSI-2026/src/transform.py:Table stock_reference primary key ['grsf_stock_id'] passes check duplicate
DEBUG:/Users/samirjohnson/projects/FAO/SOSI-2026/src/transform.py:Table stock_reference primary key ['grsf_stock_id'] passes check NA
INFO:__main__:-> Computing species landings
INFO:__main__:-> Computing stock landings
INFO:__main__:---------- Beginning Extraction ----------
INFO:googleapiclient.discovery_cache:file_cache is only supported with oauth2client<4.0.0
INFO:__main__:--> Extracting source tables
INFO:__main__:--> Extracting source tables
INFO:__main__:--> Extracting source tables
INFO:__main__:--> Extracting source tables
INFO:__main__:--> Extracting source tables
INFO:__main__:--> Extracting source tables
INFO:__main__:--> Extracting source tables
INFO:__main__:--> Extracting source tables
INFO:__main__:---------- Extraction Complete ----------
INFO:__main__:---------- Beginning Transformation ----------
INFO:/Users/samirjohnson/projects/FAO/SOSI-2026/src/transform.py:SOSITransformer initialized.
DEBUG:__main__:Stock reference columns: Index(['Unnamed: 0', 'fao_area', 'isscaap_code', 'isscaap_group', 'asfis_code',
       'common_name', 'species_name', 'location', 'status_year', 'tier',
       'status', 'uncertainty', 'assessment_update', 'data_owner',
       'data_provider', 'operational_data_process', 'source_citation',
       'source_citation_url', 'grsf_short_name', 'grsf_stock_id',
       'grsf_semantic_id', 'data_provider_stock_id', 'unit_update',
       'subarea_description', 'assessment_method', 'assessment_description',
       'status_basis', 'BdivBref', 'B_refpt', 'FdivFref', 'F_refpts',
       'status_text', 'comments', 'sosi_temp_id', 'sdg_id',
       'sosi_record_type'],
      dtype='object')
INFO:__main__:Applying schema verification and transformations...
INFO:__main__:-> capture schema process
INFO:/Users/samirjohnson/projects/FAO/SOSI-2026/src/transform.py:Dropped 29415 from table: capture based on restriction: lambda col: col == "Q_tlw" for column: MEASURE
DEBUG:/Users/samirjohnson/projects/FAO/SOSI-2026/src/transform.py:         COUNTRY.UN_CODE  PERIOD  AREA.CODE  VALUE MEASURE SPECIES.ALPHA_3_CODE
1025600               32    1970         99    0.0  Q_no_1                  MYS
1025601               32    1971         99    0.0  Q_no_1                  MYS
1025602               32    1972         99    0.0  Q_no_1                  MYS
1025603               32    1973         99    0.0  Q_no_1                  MYS
1025604               32    1974         99    0.0  Q_no_1                  MYS
...                  ...     ...        ...    ...     ...                  ...
1055010              896    2009         77    0.0  Q_no_1                  DBO
1055011              896    2010         77    0.0  Q_no_1                  DBO
1055012              896    2011         77    0.0  Q_no_1                  DBO
1055013              896    2012         77    0.0  Q_no_1                  DBO
1055014              896    2013         77    0.0  Q_no_1                  DBO

[29415 rows x 6 columns]
DEBUG:/Users/samirjohnson/projects/FAO/SOSI-2026/src/transform.py:Table capture primary key ['country_un_code', 'asfis_code', 'fao_area', 'year'] passes check duplicate
DEBUG:/Users/samirjohnson/projects/FAO/SOSI-2026/src/transform.py:Table capture primary key ['country_un_code', 'asfis_code', 'fao_area', 'year'] passes check NA
INFO:__main__:-> countries schema process
DEBUG:/Users/samirjohnson/projects/FAO/SOSI-2026/src/transform.py:Table countries primary key ['country_un_code'] passes check duplicate
DEBUG:/Users/samirjohnson/projects/FAO/SOSI-2026/src/transform.py:Table countries primary key ['country_un_code'] passes check NA
INFO:__main__:-> aquaculture schema process
DEBUG:/Users/samirjohnson/projects/FAO/SOSI-2026/src/transform.py:Table aquaculture primary key ['country_un_code', 'asfis_code', 'environment_code', 'fao_area', 'year'] passes check duplicate
DEBUG:/Users/samirjohnson/projects/FAO/SOSI-2026/src/transform.py:Table aquaculture primary key ['country_un_code', 'asfis_code', 'environment_code', 'fao_area', 'year'] passes check NA
INFO:__main__:-> asfis schema process
DEBUG:/Users/samirjohnson/projects/FAO/SOSI-2026/src/transform.py:Table asfis primary key ['asfis_code'] passes check duplicate
DEBUG:/Users/samirjohnson/projects/FAO/SOSI-2026/src/transform.py:Table asfis primary key ['asfis_code'] passes check NA
INFO:__main__:-> stock_reference schema process
INFO:/Users/samirjohnson/projects/FAO/SOSI-2026/src/transform.py:Dropped 0 from table: stock_reference based on restriction: lambda col: col.str.split(";").explode().str.len().astype("Int64").eq(3) for column: asfis_code
INFO:/Users/samirjohnson/projects/FAO/SOSI-2026/src/transform.py:Dropped 0 from table: stock_reference based on restriction: lambda col: col.isin(['U', 'M', 'O', 'X', pd.NA]) for column: status
INFO:/Users/samirjohnson/projects/FAO/SOSI-2026/src/transform.py:Dropped 0 from table: stock_reference based on restriction: lambda col: (col.isin(['L', 'M', 'H', pd.NA])) for column: uncertainty
INFO:/Users/samirjohnson/projects/FAO/SOSI-2026/src/transform.py:Dropped 12 from table: stock_reference based on restriction: lambda col: col.notna() for column: grsf_stock_id
DEBUG:/Users/samirjohnson/projects/FAO/SOSI-2026/src/transform.py:                     isscaap_group grsf_stock_id           common_name uncertainty asfis_code  ... isscaap_code  status               species_name  fao_area fao_areas
230          Cods, hakes, haddocks          <NA>          Atlantic cod           L        COD  ...           32       O               Gadus morhua    fao:27      [27]
231          Cods, hakes, haddocks          <NA>          Atlantic cod           L        COD  ...           32       M               Gadus morhua    fao:27      [27]
232          Cods, hakes, haddocks          <NA>          Atlantic cod           L        COD  ...           32       M               Gadus morhua    fao:27      [27]
233  Herrings, sardines, anchovies          <NA>      European anchovy           M        ANE  ...           35       M     Engraulis encrasicolus    fao:27      [27]
337     Flounders, halibuts, soles          <NA>     Southern flounder           L        YSH  ...           31       M   Paralichthys lethostigma    fao:31      [31]
338   Miscellaneous coastal fishes          <NA>    Yellowedge grouper           L        EEL  ...           33       U  Hyporthodus flavolimbatus    fao:31      [31]
339   Miscellaneous coastal fishes          <NA>      Spotted weakfish           L        SWF  ...           33       U        Cynoscion nebulosus    fao:31      [31]
340   Miscellaneous coastal fishes          <NA>      Spotted weakfish           L        SWF  ...           33       U        Cynoscion nebulosus    fao:31      [31]
341   Miscellaneous pelagic fishes          <NA>                 Cobia           M        CBA  ...           37       U       Rachycentron canadum    fao:31      [31]
342        Sharks, rays, chimaeras          <NA>  Scalloped hammerhead           M        SPL  ...           38       U             Sphyrna lewini    fao:31      [31]
343        Sharks, rays, chimaeras          <NA>      Great hammerhead           M        SPK  ...           38       O           Sphyrna mokarran    fao:31      [31]
344        Sharks, rays, chimaeras          <NA>     Smooth hammerhead           L        SPZ  ...           38       O            Sphyrna zygaena    fao:31      [31]

[12 rows x 13 columns]
DEBUG:/Users/samirjohnson/projects/FAO/SOSI-2026/src/transform.py:Table stock_reference primary key ['grsf_stock_id'] passes check duplicate
DEBUG:/Users/samirjohnson/projects/FAO/SOSI-2026/src/transform.py:Table stock_reference primary key ['grsf_stock_id'] passes check NA
INFO:__main__:-> Computing species landings
INFO:__main__:-> Computing stock landings
INFO:__main__:---------- Beginning Extraction ----------
INFO:googleapiclient.discovery_cache:file_cache is only supported with oauth2client<4.0.0
INFO:__main__:--> Extracting source tables
INFO:__main__:--> Extracting source tables
INFO:__main__:--> Extracting source tables
INFO:__main__:--> Extracting source tables
INFO:__main__:--> Extracting source tables
INFO:__main__:--> Extracting source tables
INFO:__main__:--> Extracting source tables
INFO:__main__:--> Extracting source tables
INFO:__main__:---------- Extraction Complete ----------
INFO:__main__:---------- Beginning Transformation ----------
INFO:/Users/samirjohnson/projects/FAO/SOSI-2026/src/transform.py:SOSITransformer initialized.
DEBUG:__main__:Stock reference columns: Index(['Unnamed: 0', 'fao_area', 'isscaap_code', 'isscaap_group', 'asfis_code',
       'common_name', 'species_name', 'location', 'status_year', 'tier',
       'status', 'uncertainty', 'assessment_update', 'data_owner',
       'data_provider', 'operational_data_process', 'source_citation',
       'source_citation_url', 'grsf_short_name', 'grsf_stock_id',
       'grsf_semantic_id', 'data_provider_stock_id', 'unit_update',
       'subarea_description', 'assessment_method', 'assessment_description',
       'status_basis', 'BdivBref', 'B_refpt', 'FdivFref', 'F_refpts',
       'status_text', 'comments', 'sosi_temp_id', 'sdg_id',
       'sosi_record_type'],
      dtype='object')
INFO:__main__:Applying schema verification and transformations...
INFO:__main__:-> capture schema process
INFO:/Users/samirjohnson/projects/FAO/SOSI-2026/src/transform.py:Dropped 29415 from table: capture based on restriction: lambda col: col == "Q_tlw" for column: MEASURE
DEBUG:/Users/samirjohnson/projects/FAO/SOSI-2026/src/transform.py:        SPECIES.ALPHA_3_CODE  AREA.CODE  VALUE  COUNTRY.UN_CODE  PERIOD MEASURE
1025600                  MYS         99    0.0               32    1970  Q_no_1
1025601                  MYS         99    0.0               32    1971  Q_no_1
1025602                  MYS         99    0.0               32    1972  Q_no_1
1025603                  MYS         99    0.0               32    1973  Q_no_1
1025604                  MYS         99    0.0               32    1974  Q_no_1
...                      ...        ...    ...              ...     ...     ...
1055010                  DBO         77    0.0              896    2009  Q_no_1
1055011                  DBO         77    0.0              896    2010  Q_no_1
1055012                  DBO         77    0.0              896    2011  Q_no_1
1055013                  DBO         77    0.0              896    2012  Q_no_1
1055014                  DBO         77    0.0              896    2013  Q_no_1

[29415 rows x 6 columns]
DEBUG:/Users/samirjohnson/projects/FAO/SOSI-2026/src/transform.py:Table capture primary key ['country_un_code', 'asfis_code', 'fao_area', 'year'] passes check duplicate
DEBUG:/Users/samirjohnson/projects/FAO/SOSI-2026/src/transform.py:Table capture primary key ['country_un_code', 'asfis_code', 'fao_area', 'year'] passes check NA
INFO:__main__:-> countries schema process
DEBUG:/Users/samirjohnson/projects/FAO/SOSI-2026/src/transform.py:Table countries primary key ['country_un_code'] passes check duplicate
DEBUG:/Users/samirjohnson/projects/FAO/SOSI-2026/src/transform.py:Table countries primary key ['country_un_code'] passes check NA
INFO:__main__:-> aquaculture schema process
DEBUG:/Users/samirjohnson/projects/FAO/SOSI-2026/src/transform.py:Table aquaculture primary key ['country_un_code', 'asfis_code', 'environment_code', 'fao_area', 'year'] passes check duplicate
DEBUG:/Users/samirjohnson/projects/FAO/SOSI-2026/src/transform.py:Table aquaculture primary key ['country_un_code', 'asfis_code', 'environment_code', 'fao_area', 'year'] passes check NA
INFO:__main__:-> asfis schema process
DEBUG:/Users/samirjohnson/projects/FAO/SOSI-2026/src/transform.py:Table asfis primary key ['asfis_code'] passes check duplicate
DEBUG:/Users/samirjohnson/projects/FAO/SOSI-2026/src/transform.py:Table asfis primary key ['asfis_code'] passes check NA
INFO:__main__:-> stock_reference schema process
INFO:/Users/samirjohnson/projects/FAO/SOSI-2026/src/transform.py:Dropped 0 from table: stock_reference based on restriction: lambda col: col.str.split(";").explode().str.len().astype("Int64").eq(3) for column: asfis_code
INFO:/Users/samirjohnson/projects/FAO/SOSI-2026/src/transform.py:Dropped 0 from table: stock_reference based on restriction: lambda col: col.isin(['U', 'M', 'O', 'X', pd.NA]) for column: status
INFO:/Users/samirjohnson/projects/FAO/SOSI-2026/src/transform.py:Dropped 0 from table: stock_reference based on restriction: lambda col: (col.isin(['L', 'M', 'H', pd.NA])) for column: uncertainty
INFO:/Users/samirjohnson/projects/FAO/SOSI-2026/src/transform.py:Dropped 12 from table: stock_reference based on restriction: lambda col: col.notna() for column: grsf_stock_id
DEBUG:/Users/samirjohnson/projects/FAO/SOSI-2026/src/transform.py:                                              location  status_year asfis_code               species_name  ... status tier isscaap_code fao_areas
230  North Sea, West of Scotland, eastern English C...         2023        COD               Gadus morhua  ...      O    1           32      [27]
231  North Sea, West of Scotland, eastern English C...         2023        COD               Gadus morhua  ...      M    1           32      [27]
232  North Sea, West of Scotland, eastern English C...         2023        COD               Gadus morhua  ...      M    1           32      [27]
233                      Area 27 Division 9.a Southern         2023        ANE     Engraulis encrasicolus  ...      M    3           35      [27]
337                                USA Louisiana state         2023        YSH   Paralichthys lethostigma  ...      M    1           31      [31]
338                                 USA Gulf of Mexico         2021        EEL  Hyporthodus flavolimbatus  ...      U    1           33      [31]
339                             USA Florida east coast         2023        SWF        Cynoscion nebulosus  ...      U    1           33      [31]
340                             USA Florida west coast         2023        SWF        Cynoscion nebulosus  ...      U    1           33      [31]
341                       Area 31 - USA Atlantic coast         2017        CBA       Rachycentron canadum  ...      U    1           37      [31]
342                         Area 31 - Western Atlantic         2019        SPL             Sphyrna lewini  ...      U    1           38      [31]
343                         Area 31 - Western Atlantic         2019        SPK           Sphyrna mokarran  ...      O    1           38      [31]
344                         Area 31 - Western Atlantic         2021        SPZ            Sphyrna zygaena  ...      O    1           38      [31]

[12 rows x 13 columns]
DEBUG:/Users/samirjohnson/projects/FAO/SOSI-2026/src/transform.py:Table stock_reference primary key ['grsf_stock_id'] passes check duplicate
DEBUG:/Users/samirjohnson/projects/FAO/SOSI-2026/src/transform.py:Table stock_reference primary key ['grsf_stock_id'] passes check NA
INFO:__main__:-> Computing species landings
INFO:__main__:-> Computing stock landings
INFO:__main__:---------- Beginning Extraction ----------
INFO:googleapiclient.discovery_cache:file_cache is only supported with oauth2client<4.0.0
INFO:__main__:--> Extracting source tables
INFO:__main__:--> Extracting source tables
INFO:__main__:--> Extracting source tables
INFO:__main__:--> Extracting source tables
INFO:__main__:--> Extracting source tables
INFO:__main__:--> Extracting source tables
INFO:__main__:--> Extracting source tables
INFO:__main__:--> Extracting source tables
INFO:__main__:---------- Extraction Complete ----------
INFO:__main__:---------- Beginning Transformation ----------
INFO:/Users/samirjohnson/projects/FAO/SOSI-2026/src/transform.py:SOSITransformer initialized.
DEBUG:__main__:Stock reference columns: Index(['Unnamed: 0', 'fao_area', 'isscaap_code', 'isscaap_group', 'asfis_code',
       'common_name', 'species_name', 'location', 'status_year', 'tier',
       'status', 'uncertainty', 'assessment_update', 'data_owner',
       'data_provider', 'operational_data_process', 'source_citation',
       'source_citation_url', 'grsf_short_name', 'grsf_stock_id',
       'grsf_semantic_id', 'data_provider_stock_id', 'unit_update',
       'subarea_description', 'assessment_method', 'assessment_description',
       'status_basis', 'BdivBref', 'B_refpt', 'FdivFref', 'F_refpts',
       'status_text', 'comments', 'sosi_temp_id', 'sdg_id',
       'sosi_record_type'],
      dtype='object')
INFO:__main__:Applying schema verification and transformations...
INFO:__main__:-> capture schema process
INFO:/Users/samirjohnson/projects/FAO/SOSI-2026/src/transform.py:Dropped 29415 from table: capture based on restriction: lambda col: col == "Q_tlw" for column: MEASURE
DEBUG:/Users/samirjohnson/projects/FAO/SOSI-2026/src/transform.py:        SPECIES.ALPHA_3_CODE  AREA.CODE  VALUE  COUNTRY.UN_CODE  PERIOD MEASURE
1025600                  MYS         99    0.0               32    1970  Q_no_1
1025601                  MYS         99    0.0               32    1971  Q_no_1
1025602                  MYS         99    0.0               32    1972  Q_no_1
1025603                  MYS         99    0.0               32    1973  Q_no_1
1025604                  MYS         99    0.0               32    1974  Q_no_1
...                      ...        ...    ...              ...     ...     ...
1055010                  DBO         77    0.0              896    2009  Q_no_1
1055011                  DBO         77    0.0              896    2010  Q_no_1
1055012                  DBO         77    0.0              896    2011  Q_no_1
1055013                  DBO         77    0.0              896    2012  Q_no_1
1055014                  DBO         77    0.0              896    2013  Q_no_1

[29415 rows x 6 columns]
DEBUG:/Users/samirjohnson/projects/FAO/SOSI-2026/src/transform.py:Table capture primary key ['country_un_code', 'asfis_code', 'fao_area', 'year'] passes check duplicate
DEBUG:/Users/samirjohnson/projects/FAO/SOSI-2026/src/transform.py:Table capture primary key ['country_un_code', 'asfis_code', 'fao_area', 'year'] passes check NA
INFO:__main__:-> countries schema process
DEBUG:/Users/samirjohnson/projects/FAO/SOSI-2026/src/transform.py:Table countries primary key ['country_un_code'] passes check duplicate
DEBUG:/Users/samirjohnson/projects/FAO/SOSI-2026/src/transform.py:Table countries primary key ['country_un_code'] passes check NA
INFO:__main__:-> aquaculture schema process
DEBUG:/Users/samirjohnson/projects/FAO/SOSI-2026/src/transform.py:Table aquaculture primary key ['country_un_code', 'asfis_code', 'environment_code', 'fao_area', 'year'] passes check duplicate
DEBUG:/Users/samirjohnson/projects/FAO/SOSI-2026/src/transform.py:Table aquaculture primary key ['country_un_code', 'asfis_code', 'environment_code', 'fao_area', 'year'] passes check NA
INFO:__main__:-> asfis schema process
DEBUG:/Users/samirjohnson/projects/FAO/SOSI-2026/src/transform.py:Table asfis primary key ['asfis_code'] passes check duplicate
DEBUG:/Users/samirjohnson/projects/FAO/SOSI-2026/src/transform.py:Table asfis primary key ['asfis_code'] passes check NA
INFO:__main__:-> stock_reference schema process
INFO:/Users/samirjohnson/projects/FAO/SOSI-2026/src/transform.py:Dropped 0 from table: stock_reference based on restriction: lambda col: col.str.split(";").explode().str.len().astype("Int64").eq(3) for column: asfis_code
INFO:/Users/samirjohnson/projects/FAO/SOSI-2026/src/transform.py:Dropped 0 from table: stock_reference based on restriction: lambda col: col.isin(['U', 'M', 'O', 'X', pd.NA]) for column: status
INFO:/Users/samirjohnson/projects/FAO/SOSI-2026/src/transform.py:Dropped 0 from table: stock_reference based on restriction: lambda col: (col.isin(['L', 'M', 'H', pd.NA])) for column: uncertainty
INFO:/Users/samirjohnson/projects/FAO/SOSI-2026/src/transform.py:Dropped 12 from table: stock_reference based on restriction: lambda col: col.notna() for column: grsf_stock_id
DEBUG:/Users/samirjohnson/projects/FAO/SOSI-2026/src/transform.py:                                              location  status_year asfis_code               species_name  ... status tier isscaap_code fao_areas
230  North Sea, West of Scotland, eastern English C...         2023        COD               Gadus morhua  ...      O    1           32      [27]
231  North Sea, West of Scotland, eastern English C...         2023        COD               Gadus morhua  ...      M    1           32      [27]
232  North Sea, West of Scotland, eastern English C...         2023        COD               Gadus morhua  ...      M    1           32      [27]
233                      Area 27 Division 9.a Southern         2023        ANE     Engraulis encrasicolus  ...      M    3           35      [27]
337                                USA Louisiana state         2023        YSH   Paralichthys lethostigma  ...      M    1           31      [31]
338                                 USA Gulf of Mexico         2021        EEL  Hyporthodus flavolimbatus  ...      U    1           33      [31]
339                             USA Florida east coast         2023        SWF        Cynoscion nebulosus  ...      U    1           33      [31]
340                             USA Florida west coast         2023        SWF        Cynoscion nebulosus  ...      U    1           33      [31]
341                       Area 31 - USA Atlantic coast         2017        CBA       Rachycentron canadum  ...      U    1           37      [31]
342                         Area 31 - Western Atlantic         2019        SPL             Sphyrna lewini  ...      U    1           38      [31]
343                         Area 31 - Western Atlantic         2019        SPK           Sphyrna mokarran  ...      O    1           38      [31]
344                         Area 31 - Western Atlantic         2021        SPZ            Sphyrna zygaena  ...      O    1           38      [31]

[12 rows x 13 columns]
DEBUG:/Users/samirjohnson/projects/FAO/SOSI-2026/src/transform.py:Table stock_reference primary key ['grsf_stock_id'] passes check duplicate
DEBUG:/Users/samirjohnson/projects/FAO/SOSI-2026/src/transform.py:Table stock_reference primary key ['grsf_stock_id'] passes check NA
INFO:__main__:-> Computing species landings
INFO:__main__:-> Computing stock landings
INFO:__main__:---------- Beginning Extraction ----------
INFO:googleapiclient.discovery_cache:file_cache is only supported with oauth2client<4.0.0
INFO:__main__:--> Extracting source tables
INFO:__main__:--> Extracting source tables
INFO:__main__:--> Extracting source tables
INFO:__main__:--> Extracting source tables
INFO:__main__:--> Extracting source tables
INFO:__main__:--> Extracting source tables
INFO:__main__:--> Extracting source tables
INFO:__main__:--> Extracting source tables
INFO:__main__:---------- Extraction Complete ----------
INFO:__main__:---------- Beginning Transformation ----------
INFO:/Users/samirjohnson/projects/FAO/SOSI-2026/src/transform.py:SOSITransformer initialized.
DEBUG:__main__:Stock reference columns: Index(['Unnamed: 0', 'fao_area', 'isscaap_code', 'isscaap_group', 'asfis_code',
       'common_name', 'species_name', 'location', 'status_year', 'tier',
       'status', 'uncertainty', 'assessment_update', 'data_owner',
       'data_provider', 'operational_data_process', 'source_citation',
       'source_citation_url', 'grsf_short_name', 'grsf_stock_id',
       'grsf_semantic_id', 'data_provider_stock_id', 'unit_update',
       'subarea_description', 'assessment_method', 'assessment_description',
       'status_basis', 'BdivBref', 'B_refpt', 'FdivFref', 'F_refpts',
       'status_text', 'comments', 'sosi_temp_id', 'sdg_id',
       'sosi_record_type'],
      dtype='object')
INFO:__main__:Applying schema verification and transformations...
INFO:__main__:-> capture schema process
INFO:/Users/samirjohnson/projects/FAO/SOSI-2026/src/transform.py:Dropped 29415 from table: capture based on restriction: lambda col: col == "Q_tlw" for column: MEASURE
DEBUG:/Users/samirjohnson/projects/FAO/SOSI-2026/src/transform.py:        SPECIES.ALPHA_3_CODE  VALUE  COUNTRY.UN_CODE  AREA.CODE  PERIOD MEASURE
1025600                  MYS    0.0               32         99    1970  Q_no_1
1025601                  MYS    0.0               32         99    1971  Q_no_1
1025602                  MYS    0.0               32         99    1972  Q_no_1
1025603                  MYS    0.0               32         99    1973  Q_no_1
1025604                  MYS    0.0               32         99    1974  Q_no_1
...                      ...    ...              ...        ...     ...     ...
1055010                  DBO    0.0              896         77    2009  Q_no_1
1055011                  DBO    0.0              896         77    2010  Q_no_1
1055012                  DBO    0.0              896         77    2011  Q_no_1
1055013                  DBO    0.0              896         77    2012  Q_no_1
1055014                  DBO    0.0              896         77    2013  Q_no_1

[29415 rows x 6 columns]
DEBUG:/Users/samirjohnson/projects/FAO/SOSI-2026/src/transform.py:Table capture primary key ['country_un_code', 'asfis_code', 'fao_area', 'year'] passes check duplicate
DEBUG:/Users/samirjohnson/projects/FAO/SOSI-2026/src/transform.py:Table capture primary key ['country_un_code', 'asfis_code', 'fao_area', 'year'] passes check NA
INFO:__main__:-> countries schema process
DEBUG:/Users/samirjohnson/projects/FAO/SOSI-2026/src/transform.py:Table countries primary key ['country_un_code'] passes check duplicate
DEBUG:/Users/samirjohnson/projects/FAO/SOSI-2026/src/transform.py:Table countries primary key ['country_un_code'] passes check NA
INFO:__main__:-> aquaculture schema process
DEBUG:/Users/samirjohnson/projects/FAO/SOSI-2026/src/transform.py:Table aquaculture primary key ['country_un_code', 'asfis_code', 'environment_code', 'fao_area', 'year'] passes check duplicate
DEBUG:/Users/samirjohnson/projects/FAO/SOSI-2026/src/transform.py:Table aquaculture primary key ['country_un_code', 'asfis_code', 'environment_code', 'fao_area', 'year'] passes check NA
INFO:__main__:-> asfis schema process
DEBUG:/Users/samirjohnson/projects/FAO/SOSI-2026/src/transform.py:Table asfis primary key ['asfis_code'] passes check duplicate
DEBUG:/Users/samirjohnson/projects/FAO/SOSI-2026/src/transform.py:Table asfis primary key ['asfis_code'] passes check NA
INFO:__main__:-> stock_reference schema process
INFO:/Users/samirjohnson/projects/FAO/SOSI-2026/src/transform.py:Dropped 0 from table: stock_reference based on restriction: lambda col: col.str.split(";").explode().str.len().astype("Int64").eq(3) for column: asfis_code
INFO:/Users/samirjohnson/projects/FAO/SOSI-2026/src/transform.py:Dropped 0 from table: stock_reference based on restriction: lambda col: col.isin(['U', 'M', 'O', 'X', pd.NA]) for column: status
INFO:/Users/samirjohnson/projects/FAO/SOSI-2026/src/transform.py:Dropped 0 from table: stock_reference based on restriction: lambda col: (col.isin(['L', 'M', 'H', pd.NA])) for column: uncertainty
INFO:/Users/samirjohnson/projects/FAO/SOSI-2026/src/transform.py:Dropped 12 from table: stock_reference based on restriction: lambda col: col.notna() for column: grsf_stock_id
DEBUG:/Users/samirjohnson/projects/FAO/SOSI-2026/src/transform.py:                     isscaap_group asfis_code uncertainty           common_name  ...  fao_area               species_name  status  fao_areas
230          Cods, hakes, haddocks        COD           L          Atlantic cod  ...    fao:27               Gadus morhua       O       [27]
231          Cods, hakes, haddocks        COD           L          Atlantic cod  ...    fao:27               Gadus morhua       M       [27]
232          Cods, hakes, haddocks        COD           L          Atlantic cod  ...    fao:27               Gadus morhua       M       [27]
233  Herrings, sardines, anchovies        ANE           M      European anchovy  ...    fao:27     Engraulis encrasicolus       M       [27]
337     Flounders, halibuts, soles        YSH           L     Southern flounder  ...    fao:31   Paralichthys lethostigma       M       [31]
338   Miscellaneous coastal fishes        EEL           L    Yellowedge grouper  ...    fao:31  Hyporthodus flavolimbatus       U       [31]
339   Miscellaneous coastal fishes        SWF           L      Spotted weakfish  ...    fao:31        Cynoscion nebulosus       U       [31]
340   Miscellaneous coastal fishes        SWF           L      Spotted weakfish  ...    fao:31        Cynoscion nebulosus       U       [31]
341   Miscellaneous pelagic fishes        CBA           M                 Cobia  ...    fao:31       Rachycentron canadum       U       [31]
342        Sharks, rays, chimaeras        SPL           M  Scalloped hammerhead  ...    fao:31             Sphyrna lewini       U       [31]
343        Sharks, rays, chimaeras        SPK           M      Great hammerhead  ...    fao:31           Sphyrna mokarran       O       [31]
344        Sharks, rays, chimaeras        SPZ           L     Smooth hammerhead  ...    fao:31            Sphyrna zygaena       O       [31]

[12 rows x 13 columns]
DEBUG:/Users/samirjohnson/projects/FAO/SOSI-2026/src/transform.py:Table stock_reference primary key ['grsf_stock_id'] passes check duplicate
DEBUG:/Users/samirjohnson/projects/FAO/SOSI-2026/src/transform.py:Table stock_reference primary key ['grsf_stock_id'] passes check NA
INFO:__main__:-> Computing species landings
INFO:__main__:-> Computing stock landings
INFO:__main__:---------- Beginning Extraction ----------
INFO:googleapiclient.discovery_cache:file_cache is only supported with oauth2client<4.0.0
INFO:__main__:--> Extracting source tables
INFO:__main__:--> Extracting source tables
INFO:__main__:--> Extracting source tables
INFO:__main__:--> Extracting source tables
INFO:__main__:--> Extracting source tables
INFO:__main__:--> Extracting source tables
INFO:__main__:--> Extracting source tables
INFO:__main__:--> Extracting source tables
INFO:__main__:---------- Extraction Complete ----------
INFO:__main__:---------- Beginning Transformation ----------
INFO:/Users/samirjohnson/projects/FAO/SOSI-2026/src/transform.py:SOSITransformer initialized.
DEBUG:__main__:Stock reference columns: Index(['Unnamed: 0', 'fao_area', 'isscaap_code', 'isscaap_group', 'asfis_code',
       'common_name', 'species_name', 'location', 'status_year', 'tier',
       'status', 'uncertainty', 'assessment_update', 'data_owner',
       'data_provider', 'operational_data_process', 'source_citation',
       'source_citation_url', 'grsf_short_name', 'grsf_stock_id',
       'grsf_semantic_id', 'data_provider_stock_id', 'unit_update',
       'subarea_description', 'assessment_method', 'assessment_description',
       'status_basis', 'BdivBref', 'B_refpt', 'FdivFref', 'F_refpts',
       'status_text', 'comments', 'sosi_temp_id', 'sdg_id',
       'sosi_record_type'],
      dtype='object')
INFO:__main__:Applying schema verification and transformations...
INFO:__main__:-> capture schema process
INFO:/Users/samirjohnson/projects/FAO/SOSI-2026/src/transform.py:Dropped 29415 from table: capture based on restriction: lambda col: col == "Q_tlw" for column: MEASURE
DEBUG:/Users/samirjohnson/projects/FAO/SOSI-2026/src/transform.py:        SPECIES.ALPHA_3_CODE  PERIOD MEASURE  COUNTRY.UN_CODE  AREA.CODE  VALUE
1025600                  MYS    1970  Q_no_1               32         99    0.0
1025601                  MYS    1971  Q_no_1               32         99    0.0
1025602                  MYS    1972  Q_no_1               32         99    0.0
1025603                  MYS    1973  Q_no_1               32         99    0.0
1025604                  MYS    1974  Q_no_1               32         99    0.0
...                      ...     ...     ...              ...        ...    ...
1055010                  DBO    2009  Q_no_1              896         77    0.0
1055011                  DBO    2010  Q_no_1              896         77    0.0
1055012                  DBO    2011  Q_no_1              896         77    0.0
1055013                  DBO    2012  Q_no_1              896         77    0.0
1055014                  DBO    2013  Q_no_1              896         77    0.0

[29415 rows x 6 columns]
DEBUG:/Users/samirjohnson/projects/FAO/SOSI-2026/src/transform.py:Table capture primary key ['country_un_code', 'asfis_code', 'fao_area', 'year'] passes check duplicate
DEBUG:/Users/samirjohnson/projects/FAO/SOSI-2026/src/transform.py:Table capture primary key ['country_un_code', 'asfis_code', 'fao_area', 'year'] passes check NA
INFO:__main__:-> countries schema process
DEBUG:/Users/samirjohnson/projects/FAO/SOSI-2026/src/transform.py:Table countries primary key ['country_un_code'] passes check duplicate
DEBUG:/Users/samirjohnson/projects/FAO/SOSI-2026/src/transform.py:Table countries primary key ['country_un_code'] passes check NA
INFO:__main__:-> aquaculture schema process
DEBUG:/Users/samirjohnson/projects/FAO/SOSI-2026/src/transform.py:Table aquaculture primary key ['country_un_code', 'asfis_code', 'environment_code', 'fao_area', 'year'] passes check duplicate
DEBUG:/Users/samirjohnson/projects/FAO/SOSI-2026/src/transform.py:Table aquaculture primary key ['country_un_code', 'asfis_code', 'environment_code', 'fao_area', 'year'] passes check NA
INFO:__main__:-> asfis schema process
DEBUG:/Users/samirjohnson/projects/FAO/SOSI-2026/src/transform.py:Table asfis primary key ['asfis_code'] passes check duplicate
DEBUG:/Users/samirjohnson/projects/FAO/SOSI-2026/src/transform.py:Table asfis primary key ['asfis_code'] passes check NA
INFO:__main__:-> stock_reference schema process
INFO:/Users/samirjohnson/projects/FAO/SOSI-2026/src/transform.py:Dropped 0 from table: stock_reference based on restriction: lambda col: col.str.split(";").explode().str.len().astype("Int64").eq(3) for column: asfis_code
INFO:/Users/samirjohnson/projects/FAO/SOSI-2026/src/transform.py:Dropped 0 from table: stock_reference based on restriction: lambda col: col.isin(['U', 'M', 'O', 'X', pd.NA]) for column: status
INFO:/Users/samirjohnson/projects/FAO/SOSI-2026/src/transform.py:Dropped 0 from table: stock_reference based on restriction: lambda col: (col.isin(['L', 'M', 'H', pd.NA])) for column: uncertainty
INFO:/Users/samirjohnson/projects/FAO/SOSI-2026/src/transform.py:Dropped 12 from table: stock_reference based on restriction: lambda col: col.notna() for column: grsf_stock_id
DEBUG:/Users/samirjohnson/projects/FAO/SOSI-2026/src/transform.py:    grsf_stock_id               species_name asfis_code  status_year  ...           common_name isscaap_code uncertainty fao_areas
230          <NA>               Gadus morhua        COD         2023  ...          Atlantic cod           32           L      [27]
231          <NA>               Gadus morhua        COD         2023  ...          Atlantic cod           32           L      [27]
232          <NA>               Gadus morhua        COD         2023  ...          Atlantic cod           32           L      [27]
233          <NA>     Engraulis encrasicolus        ANE         2023  ...      European anchovy           35           M      [27]
337          <NA>   Paralichthys lethostigma        YSH         2023  ...     Southern flounder           31           L      [31]
338          <NA>  Hyporthodus flavolimbatus        EEL         2021  ...    Yellowedge grouper           33           L      [31]
339          <NA>        Cynoscion nebulosus        SWF         2023  ...      Spotted weakfish           33           L      [31]
340          <NA>        Cynoscion nebulosus        SWF         2023  ...      Spotted weakfish           33           L      [31]
341          <NA>       Rachycentron canadum        CBA         2017  ...                 Cobia           37           M      [31]
342          <NA>             Sphyrna lewini        SPL         2019  ...  Scalloped hammerhead           38           M      [31]
343          <NA>           Sphyrna mokarran        SPK         2019  ...      Great hammerhead           38           M      [31]
344          <NA>            Sphyrna zygaena        SPZ         2021  ...     Smooth hammerhead           38           L      [31]

[12 rows x 13 columns]
DEBUG:/Users/samirjohnson/projects/FAO/SOSI-2026/src/transform.py:Table stock_reference primary key ['grsf_stock_id'] passes check duplicate
DEBUG:/Users/samirjohnson/projects/FAO/SOSI-2026/src/transform.py:Table stock_reference primary key ['grsf_stock_id'] passes check NA
INFO:__main__:-> Computing species landings
INFO:__main__:-> Computing stock landings
INFO:__main__:---------- Beginning Extraction ----------
INFO:googleapiclient.discovery_cache:file_cache is only supported with oauth2client<4.0.0
INFO:__main__:--> Extracting source tables
INFO:__main__:--> Extracting source tables
INFO:__main__:--> Extracting source tables
INFO:__main__:--> Extracting source tables
INFO:__main__:--> Extracting source tables
INFO:__main__:--> Extracting source tables
INFO:__main__:--> Extracting source tables
INFO:__main__:--> Extracting source tables
INFO:__main__:---------- Extraction Complete ----------
INFO:__main__:---------- Beginning Transformation ----------
INFO:/Users/samirjohnson/projects/FAO/SOSI-2026/src/transform.py:SOSITransformer initialized.
DEBUG:__main__:Stock reference columns: Index(['Unnamed: 0', 'fao_area', 'isscaap_code', 'isscaap_group', 'asfis_code',
       'common_name', 'species_name', 'location', 'status_year', 'tier',
       'status', 'uncertainty', 'assessment_update', 'data_owner',
       'data_provider', 'operational_data_process', 'source_citation',
       'source_citation_url', 'grsf_short_name', 'grsf_stock_id',
       'grsf_semantic_id', 'data_provider_stock_id', 'unit_update',
       'subarea_description', 'assessment_method', 'assessment_description',
       'status_basis', 'BdivBref', 'B_refpt', 'FdivFref', 'F_refpts',
       'status_text', 'comments', 'sosi_temp_id', 'sdg_id',
       'sosi_record_type'],
      dtype='object')
INFO:__main__:Applying schema verification and transformations...
INFO:__main__:-> capture schema process
INFO:/Users/samirjohnson/projects/FAO/SOSI-2026/src/transform.py:Dropped 29415 from table: capture based on restriction: lambda col: col == "Q_tlw" for column: MEASURE
DEBUG:/Users/samirjohnson/projects/FAO/SOSI-2026/src/transform.py:         AREA.CODE MEASURE  COUNTRY.UN_CODE SPECIES.ALPHA_3_CODE  VALUE  PERIOD
1025600         99  Q_no_1               32                  MYS    0.0    1970
1025601         99  Q_no_1               32                  MYS    0.0    1971
1025602         99  Q_no_1               32                  MYS    0.0    1972
1025603         99  Q_no_1               32                  MYS    0.0    1973
1025604         99  Q_no_1               32                  MYS    0.0    1974
...            ...     ...              ...                  ...    ...     ...
1055010         77  Q_no_1              896                  DBO    0.0    2009
1055011         77  Q_no_1              896                  DBO    0.0    2010
1055012         77  Q_no_1              896                  DBO    0.0    2011
1055013         77  Q_no_1              896                  DBO    0.0    2012
1055014         77  Q_no_1              896                  DBO    0.0    2013

[29415 rows x 6 columns]
DEBUG:/Users/samirjohnson/projects/FAO/SOSI-2026/src/transform.py:Table capture primary key ['country_un_code', 'asfis_code', 'fao_area', 'year'] passes check duplicate
DEBUG:/Users/samirjohnson/projects/FAO/SOSI-2026/src/transform.py:Table capture primary key ['country_un_code', 'asfis_code', 'fao_area', 'year'] passes check NA
INFO:__main__:-> countries schema process
DEBUG:/Users/samirjohnson/projects/FAO/SOSI-2026/src/transform.py:Table countries primary key ['country_un_code'] passes check duplicate
DEBUG:/Users/samirjohnson/projects/FAO/SOSI-2026/src/transform.py:Table countries primary key ['country_un_code'] passes check NA
INFO:__main__:-> aquaculture schema process
DEBUG:/Users/samirjohnson/projects/FAO/SOSI-2026/src/transform.py:Table aquaculture primary key ['country_un_code', 'asfis_code', 'environment_code', 'fao_area', 'year'] passes check duplicate
DEBUG:/Users/samirjohnson/projects/FAO/SOSI-2026/src/transform.py:Table aquaculture primary key ['country_un_code', 'asfis_code', 'environment_code', 'fao_area', 'year'] passes check NA
INFO:__main__:-> asfis schema process
DEBUG:/Users/samirjohnson/projects/FAO/SOSI-2026/src/transform.py:Table asfis primary key ['asfis_code'] passes check duplicate
DEBUG:/Users/samirjohnson/projects/FAO/SOSI-2026/src/transform.py:Table asfis primary key ['asfis_code'] passes check NA
INFO:__main__:-> stock_reference schema process
INFO:/Users/samirjohnson/projects/FAO/SOSI-2026/src/transform.py:Dropped 0 from table: stock_reference based on restriction: lambda col: col.str.split(";").explode().str.len().astype("Int64").eq(3) for column: asfis_code
INFO:/Users/samirjohnson/projects/FAO/SOSI-2026/src/transform.py:Dropped 0 from table: stock_reference based on restriction: lambda col: col.isin(['U', 'M', 'O', 'X', pd.NA]) for column: status
INFO:/Users/samirjohnson/projects/FAO/SOSI-2026/src/transform.py:Dropped 0 from table: stock_reference based on restriction: lambda col: (col.isin(['L', 'M', 'H', pd.NA])) for column: uncertainty
INFO:/Users/samirjohnson/projects/FAO/SOSI-2026/src/transform.py:Dropped 12 from table: stock_reference based on restriction: lambda col: col.notna() for column: grsf_stock_id
DEBUG:/Users/samirjohnson/projects/FAO/SOSI-2026/src/transform.py:    fao_area grsf_stock_id status                  isscaap_group  ...  asfis_code                                           location  status_year fao_areas
230   fao:27          <NA>      O          Cods, hakes, haddocks  ...         COD  North Sea, West of Scotland, eastern English C...         2023      [27]
231   fao:27          <NA>      M          Cods, hakes, haddocks  ...         COD  North Sea, West of Scotland, eastern English C...         2023      [27]
232   fao:27          <NA>      M          Cods, hakes, haddocks  ...         COD  North Sea, West of Scotland, eastern English C...         2023      [27]
233   fao:27          <NA>      M  Herrings, sardines, anchovies  ...         ANE                      Area 27 Division 9.a Southern         2023      [27]
337   fao:31          <NA>      M     Flounders, halibuts, soles  ...         YSH                                USA Louisiana state         2023      [31]
338   fao:31          <NA>      U   Miscellaneous coastal fishes  ...         EEL                                 USA Gulf of Mexico         2021      [31]
339   fao:31          <NA>      U   Miscellaneous coastal fishes  ...         SWF                             USA Florida east coast         2023      [31]
340   fao:31          <NA>      U   Miscellaneous coastal fishes  ...         SWF                             USA Florida west coast         2023      [31]
341   fao:31          <NA>      U   Miscellaneous pelagic fishes  ...         CBA                       Area 31 - USA Atlantic coast         2017      [31]
342   fao:31          <NA>      U        Sharks, rays, chimaeras  ...         SPL                         Area 31 - Western Atlantic         2019      [31]
343   fao:31          <NA>      O        Sharks, rays, chimaeras  ...         SPK                         Area 31 - Western Atlantic         2019      [31]
344   fao:31          <NA>      O        Sharks, rays, chimaeras  ...         SPZ                         Area 31 - Western Atlantic         2021      [31]

[12 rows x 13 columns]
DEBUG:/Users/samirjohnson/projects/FAO/SOSI-2026/src/transform.py:Table stock_reference primary key ['grsf_stock_id'] passes check duplicate
DEBUG:/Users/samirjohnson/projects/FAO/SOSI-2026/src/transform.py:Table stock_reference primary key ['grsf_stock_id'] passes check NA
INFO:__main__:-> Computing species landings
INFO:__main__:-> Computing stock landings
INFO:__main__:---------- Beginning Extraction ----------
INFO:googleapiclient.discovery_cache:file_cache is only supported with oauth2client<4.0.0
INFO:__main__:--> Extracting source tables
INFO:__main__:--> Extracting source tables
INFO:__main__:--> Extracting source tables
INFO:__main__:--> Extracting source tables
INFO:__main__:--> Extracting source tables
INFO:__main__:--> Extracting source tables
INFO:__main__:--> Extracting source tables
INFO:__main__:--> Extracting source tables
INFO:__main__:---------- Extraction Complete ----------
INFO:__main__:---------- Beginning Transformation ----------
INFO:/Users/samirjohnson/projects/FAO/SOSI-2026/src/transform.py:SOSITransformer initialized.
DEBUG:__main__:Stock reference columns: Index(['Unnamed: 0', 'fao_area', 'isscaap_code', 'isscaap_group', 'asfis_code',
       'common_name', 'species_name', 'location', 'status_year', 'tier',
       'status', 'uncertainty', 'assessment_update', 'data_owner',
       'data_provider', 'operational_data_process', 'source_citation',
       'source_citation_url', 'grsf_short_name', 'grsf_stock_id',
       'grsf_semantic_id', 'data_provider_stock_id', 'unit_update',
       'subarea_description', 'assessment_method', 'assessment_description',
       'status_basis', 'BdivBref', 'B_refpt', 'FdivFref', 'F_refpts',
       'status_text', 'comments', 'sosi_temp_id', 'sdg_id',
       'sosi_record_type'],
      dtype='object')
INFO:__main__:Applying schema verification and transformations...
INFO:__main__:-> capture schema process
INFO:/Users/samirjohnson/projects/FAO/SOSI-2026/src/transform.py:Dropped 29415 from table: capture based on restriction: lambda col: col == "Q_tlw" for column: MEASURE
DEBUG:/Users/samirjohnson/projects/FAO/SOSI-2026/src/transform.py:         AREA.CODE  COUNTRY.UN_CODE MEASURE  VALUE SPECIES.ALPHA_3_CODE  PERIOD
1025600         99               32  Q_no_1    0.0                  MYS    1970
1025601         99               32  Q_no_1    0.0                  MYS    1971
1025602         99               32  Q_no_1    0.0                  MYS    1972
1025603         99               32  Q_no_1    0.0                  MYS    1973
1025604         99               32  Q_no_1    0.0                  MYS    1974
...            ...              ...     ...    ...                  ...     ...
1055010         77              896  Q_no_1    0.0                  DBO    2009
1055011         77              896  Q_no_1    0.0                  DBO    2010
1055012         77              896  Q_no_1    0.0                  DBO    2011
1055013         77              896  Q_no_1    0.0                  DBO    2012
1055014         77              896  Q_no_1    0.0                  DBO    2013

[29415 rows x 6 columns]
DEBUG:/Users/samirjohnson/projects/FAO/SOSI-2026/src/transform.py:Table capture primary key ['country_un_code', 'asfis_code', 'fao_area', 'year'] passes check duplicate
DEBUG:/Users/samirjohnson/projects/FAO/SOSI-2026/src/transform.py:Table capture primary key ['country_un_code', 'asfis_code', 'fao_area', 'year'] passes check NA
INFO:__main__:-> countries schema process
DEBUG:/Users/samirjohnson/projects/FAO/SOSI-2026/src/transform.py:Table countries primary key ['country_un_code'] passes check duplicate
DEBUG:/Users/samirjohnson/projects/FAO/SOSI-2026/src/transform.py:Table countries primary key ['country_un_code'] passes check NA
INFO:__main__:-> aquaculture schema process
DEBUG:/Users/samirjohnson/projects/FAO/SOSI-2026/src/transform.py:Table aquaculture primary key ['country_un_code', 'asfis_code', 'environment_code', 'fao_area', 'year'] passes check duplicate
DEBUG:/Users/samirjohnson/projects/FAO/SOSI-2026/src/transform.py:Table aquaculture primary key ['country_un_code', 'asfis_code', 'environment_code', 'fao_area', 'year'] passes check NA
INFO:__main__:-> asfis schema process
DEBUG:/Users/samirjohnson/projects/FAO/SOSI-2026/src/transform.py:Table asfis primary key ['asfis_code'] passes check duplicate
DEBUG:/Users/samirjohnson/projects/FAO/SOSI-2026/src/transform.py:Table asfis primary key ['asfis_code'] passes check NA
INFO:__main__:-> stock_reference schema process
INFO:/Users/samirjohnson/projects/FAO/SOSI-2026/src/transform.py:Dropped 0 from table: stock_reference based on restriction: lambda col: col.str.split(";").explode().str.len().astype("Int64").eq(3) for column: asfis_code
INFO:/Users/samirjohnson/projects/FAO/SOSI-2026/src/transform.py:Dropped 0 from table: stock_reference based on restriction: lambda col: col.isin(['U', 'M', 'O', 'X', pd.NA]) for column: status
INFO:/Users/samirjohnson/projects/FAO/SOSI-2026/src/transform.py:Dropped 0 from table: stock_reference based on restriction: lambda col: (col.isin(['L', 'M', 'H', pd.NA])) for column: uncertainty
INFO:/Users/samirjohnson/projects/FAO/SOSI-2026/src/transform.py:Dropped 12 from table: stock_reference based on restriction: lambda col: col.notna() for column: grsf_stock_id
DEBUG:/Users/samirjohnson/projects/FAO/SOSI-2026/src/transform.py:     status_year                  isscaap_group                                           location uncertainty  ... isscaap_code tier grsf_stock_id fao_areas
230         2023          Cods, hakes, haddocks  North Sea, West of Scotland, eastern English C...           L  ...           32    1          <NA>      [27]
231         2023          Cods, hakes, haddocks  North Sea, West of Scotland, eastern English C...           L  ...           32    1          <NA>      [27]
232         2023          Cods, hakes, haddocks  North Sea, West of Scotland, eastern English C...           L  ...           32    1          <NA>      [27]
233         2023  Herrings, sardines, anchovies                      Area 27 Division 9.a Southern           M  ...           35    3          <NA>      [27]
337         2023     Flounders, halibuts, soles                                USA Louisiana state           L  ...           31    1          <NA>      [31]
338         2021   Miscellaneous coastal fishes                                 USA Gulf of Mexico           L  ...           33    1          <NA>      [31]
339         2023   Miscellaneous coastal fishes                             USA Florida east coast           L  ...           33    1          <NA>      [31]
340         2023   Miscellaneous coastal fishes                             USA Florida west coast           L  ...           33    1          <NA>      [31]
341         2017   Miscellaneous pelagic fishes                       Area 31 - USA Atlantic coast           M  ...           37    1          <NA>      [31]
342         2019        Sharks, rays, chimaeras                         Area 31 - Western Atlantic           M  ...           38    1          <NA>      [31]
343         2019        Sharks, rays, chimaeras                         Area 31 - Western Atlantic           M  ...           38    1          <NA>      [31]
344         2021        Sharks, rays, chimaeras                         Area 31 - Western Atlantic           L  ...           38    1          <NA>      [31]

[12 rows x 13 columns]
DEBUG:/Users/samirjohnson/projects/FAO/SOSI-2026/src/transform.py:Table stock_reference primary key ['grsf_stock_id'] passes check duplicate
DEBUG:/Users/samirjohnson/projects/FAO/SOSI-2026/src/transform.py:Table stock_reference primary key ['grsf_stock_id'] passes check NA
INFO:__main__:-> Computing species landings
INFO:__main__:-> Computing stock landings
INFO:__main__:---------- Beginning Extraction ----------
INFO:googleapiclient.discovery_cache:file_cache is only supported with oauth2client<4.0.0
INFO:__main__:--> Extracting source tables
INFO:/Users/samirjohnson/projects/FAO/SOSI-2026/src/extract.py:-> Extracting Update_Template_SoSI2026-Area27-upd from drive.
DEBUG:googleapiclient.discovery:URL being requested: GET https://www.googleapis.com/drive/v3/files?q=name+%3D+%27Update_Template_SoSI2026-Area27-upd%27+and+trashed+%3D+false&spaces=drive&fields=files%28id%2C+mimeType%2C+name%29&pageSize=1&alt=json
DEBUG:google_auth_httplib2:Making request: POST https://oauth2.googleapis.com/token
DEBUG:/Users/samirjohnson/projects/FAO/SOSI-2026/src/extract.py:-> Found file id: 1mBiVvXSEDT2D_sOg_dA4GvnGsSCL4TYWFjyKcPswMcY corresponding to file name Update_Template_SoSI2026-Area27-upd
DEBUG:/Users/samirjohnson/projects/FAO/SOSI-2026/src/extract.py:-> Downloading file content for ID: 1mBiVvXSEDT2D_sOg_dA4GvnGsSCL4TYWFjyKcPswMcY
DEBUG:googleapiclient.discovery:URL being requested: GET https://www.googleapis.com/drive/v3/files/1mBiVvXSEDT2D_sOg_dA4GvnGsSCL4TYWFjyKcPswMcY/export?mimeType=application%2Fvnd.openxmlformats-officedocument.spreadsheetml.sheet&alt=media
ERROR:/Users/samirjohnson/projects/FAO/SOSI-2026/src/extract.py:An unexpected error occurred when retrieving {table_name}: 
INFO:__main__:---------- Beginning Extraction ----------
INFO:googleapiclient.discovery_cache:file_cache is only supported with oauth2client<4.0.0
INFO:__main__:--> Extracting source tables
INFO:__main__:--> Extracting source tables
INFO:__main__:--> Extracting source tables
INFO:__main__:--> Extracting source tables
INFO:__main__:--> Extracting source tables
INFO:__main__:--> Extracting source tables
INFO:__main__:--> Extracting source tables
INFO:__main__:--> Extracting source tables
INFO:__main__:---------- Extraction Complete ----------
INFO:__main__:---------- Beginning Transformation ----------
INFO:/Users/samirjohnson/projects/FAO/SOSI-2026/src/transform.py:SOSITransformer initialized.
DEBUG:__main__:Stock reference columns: Index(['Unnamed: 0', 'fao_area', 'isscaap_code', 'isscaap_group', 'asfis_code',
       'common_name', 'species_name', 'location', 'status_year', 'tier',
       'status', 'uncertainty', 'assessment_update', 'data_owner',
       'data_provider', 'operational_data_process', 'source_citation',
       'source_citation_url', 'grsf_short_name', 'grsf_stock_id',
       'grsf_semantic_id', 'data_provider_stock_id', 'unit_update',
       'subarea_description', 'assessment_method', 'assessment_description',
       'status_basis', 'BdivBref', 'B_refpt', 'FdivFref', 'F_refpts',
       'status_text', 'comments', 'sosi_temp_id', 'sdg_id',
       'sosi_record_type'],
      dtype='object')
INFO:__main__:Applying schema verification and transformations...
INFO:__main__:-> capture schema process
INFO:/Users/samirjohnson/projects/FAO/SOSI-2026/src/transform.py:Dropped 29415 from table: capture based on restriction: lambda col: col == "Q_tlw" for column: MEASURE
DEBUG:/Users/samirjohnson/projects/FAO/SOSI-2026/src/transform.py:         AREA.CODE  VALUE  ... PERIOD COUNTRY.UN_CODE
1025600         99    0.0  ...   1970              32
1025601         99    0.0  ...   1971              32
1025602         99    0.0  ...   1972              32
1025603         99    0.0  ...   1973              32
1025604         99    0.0  ...   1974              32
...            ...    ...  ...    ...             ...
1055010         77    0.0  ...   2009             896
1055011         77    0.0  ...   2010             896
1055012         77    0.0  ...   2011             896
1055013         77    0.0  ...   2012             896
1055014         77    0.0  ...   2013             896

[29415 rows x 6 columns]
DEBUG:/Users/samirjohnson/projects/FAO/SOSI-2026/src/transform.py:Table capture primary key ['country_un_code', 'asfis_code', 'fao_area', 'year'] passes check duplicate
DEBUG:/Users/samirjohnson/projects/FAO/SOSI-2026/src/transform.py:Table capture primary key ['country_un_code', 'asfis_code', 'fao_area', 'year'] passes check NA
INFO:__main__:-> countries schema process
DEBUG:/Users/samirjohnson/projects/FAO/SOSI-2026/src/transform.py:Table countries primary key ['country_un_code'] passes check duplicate
DEBUG:/Users/samirjohnson/projects/FAO/SOSI-2026/src/transform.py:Table countries primary key ['country_un_code'] passes check NA
INFO:__main__:-> aquaculture schema process
DEBUG:/Users/samirjohnson/projects/FAO/SOSI-2026/src/transform.py:Table aquaculture primary key ['country_un_code', 'asfis_code', 'environment_code', 'fao_area', 'year'] passes check duplicate
DEBUG:/Users/samirjohnson/projects/FAO/SOSI-2026/src/transform.py:Table aquaculture primary key ['country_un_code', 'asfis_code', 'environment_code', 'fao_area', 'year'] passes check NA
INFO:__main__:-> asfis schema process
DEBUG:/Users/samirjohnson/projects/FAO/SOSI-2026/src/transform.py:Table asfis primary key ['asfis_code'] passes check duplicate
DEBUG:/Users/samirjohnson/projects/FAO/SOSI-2026/src/transform.py:Table asfis primary key ['asfis_code'] passes check NA
INFO:__main__:-> stock_reference schema process
INFO:/Users/samirjohnson/projects/FAO/SOSI-2026/src/transform.py:Dropped 0 from table: stock_reference based on restriction: lambda col: col.str.split(";").explode().str.len().astype("Int64").eq(3) for column: asfis_code
INFO:/Users/samirjohnson/projects/FAO/SOSI-2026/src/transform.py:Dropped 0 from table: stock_reference based on restriction: lambda col: col.isin(['U', 'M', 'O', 'X', pd.NA]) for column: status
INFO:/Users/samirjohnson/projects/FAO/SOSI-2026/src/transform.py:Dropped 0 from table: stock_reference based on restriction: lambda col: (col.isin(['L', 'M', 'H', pd.NA])) for column: uncertainty
INFO:/Users/samirjohnson/projects/FAO/SOSI-2026/src/transform.py:Dropped 12 from table: stock_reference based on restriction: lambda col: col.notna() for column: grsf_stock_id
DEBUG:/Users/samirjohnson/projects/FAO/SOSI-2026/src/transform.py:    status  tier asfis_code  ... status_year uncertainty fao_areas
230      O     1        COD  ...        2023           L      [27]
231      M     1        COD  ...        2023           L      [27]
232      M     1        COD  ...        2023           L      [27]
233      M     3        ANE  ...        2023           M      [27]
337      M     1        YSH  ...        2023           L      [31]
338      U     1        EEL  ...        2021           L      [31]
339      U     1        SWF  ...        2023           L      [31]
340      U     1        SWF  ...        2023           L      [31]
341      U     1        CBA  ...        2017           M      [31]
342      U     1        SPL  ...        2019           M      [31]
343      O     1        SPK  ...        2019           M      [31]
344      O     1        SPZ  ...        2021           L      [31]

[12 rows x 13 columns]
DEBUG:/Users/samirjohnson/projects/FAO/SOSI-2026/src/transform.py:Table stock_reference primary key ['grsf_stock_id'] passes check duplicate
DEBUG:/Users/samirjohnson/projects/FAO/SOSI-2026/src/transform.py:Table stock_reference primary key ['grsf_stock_id'] passes check NA
INFO:__main__:-> Computing species landings
INFO:__main__:-> Computing stock landings
INFO:__main__:---------- Beginning Extraction ----------
INFO:googleapiclient.discovery_cache:file_cache is only supported with oauth2client<4.0.0
INFO:__main__:--> Extracting source tables
INFO:__main__:--> Extracting source tables
INFO:__main__:--> Extracting source tables
INFO:__main__:--> Extracting source tables
INFO:__main__:--> Extracting source tables
INFO:__main__:--> Extracting source tables
INFO:__main__:--> Extracting source tables
INFO:__main__:--> Extracting source tables
INFO:__main__:---------- Extraction Complete ----------
INFO:__main__:---------- Beginning Transformation ----------
INFO:/Users/samirjohnson/projects/FAO/SOSI-2026/src/transform.py:SOSITransformer initialized.
DEBUG:__main__:Stock reference columns: Index(['Unnamed: 0', 'fao_area', 'isscaap_code', 'isscaap_group', 'asfis_code',
       'common_name', 'species_name', 'location', 'status_year', 'tier',
       'status', 'uncertainty', 'assessment_update', 'data_owner',
       'data_provider', 'operational_data_process', 'source_citation',
       'source_citation_url', 'grsf_short_name', 'grsf_stock_id',
       'grsf_semantic_id', 'data_provider_stock_id', 'unit_update',
       'subarea_description', 'assessment_method', 'assessment_description',
       'status_basis', 'BdivBref', 'B_refpt', 'FdivFref', 'F_refpts',
       'status_text', 'comments', 'sosi_temp_id', 'sdg_id',
       'sosi_record_type'],
      dtype='object')
INFO:__main__:Applying schema verification and transformations...
INFO:__main__:-> capture schema process
INFO:/Users/samirjohnson/projects/FAO/SOSI-2026/src/transform.py:Dropped 29415 from table: capture based on restriction: lambda col: col == "Q_tlw" for column: MEASURE
DEBUG:/Users/samirjohnson/projects/FAO/SOSI-2026/src/transform.py:         COUNTRY.UN_CODE  PERIOD  ... AREA.CODE  MEASURE
1025600               32    1970  ...        99   Q_no_1
1025601               32    1971  ...        99   Q_no_1
1025602               32    1972  ...        99   Q_no_1
1025603               32    1973  ...        99   Q_no_1
1025604               32    1974  ...        99   Q_no_1
...                  ...     ...  ...       ...      ...
1055010              896    2009  ...        77   Q_no_1
1055011              896    2010  ...        77   Q_no_1
1055012              896    2011  ...        77   Q_no_1
1055013              896    2012  ...        77   Q_no_1
1055014              896    2013  ...        77   Q_no_1

[29415 rows x 6 columns]
DEBUG:/Users/samirjohnson/projects/FAO/SOSI-2026/src/transform.py:Table capture primary key ['country_un_code', 'asfis_code', 'fao_area', 'year'] passes check duplicate
DEBUG:/Users/samirjohnson/projects/FAO/SOSI-2026/src/transform.py:Table capture primary key ['country_un_code', 'asfis_code', 'fao_area', 'year'] passes check NA
INFO:__main__:-> countries schema process
DEBUG:/Users/samirjohnson/projects/FAO/SOSI-2026/src/transform.py:Table countries primary key ['country_un_code'] passes check duplicate
DEBUG:/Users/samirjohnson/projects/FAO/SOSI-2026/src/transform.py:Table countries primary key ['country_un_code'] passes check NA
INFO:__main__:-> aquaculture schema process
DEBUG:/Users/samirjohnson/projects/FAO/SOSI-2026/src/transform.py:Table aquaculture primary key ['country_un_code', 'asfis_code', 'environment_code', 'fao_area', 'year'] passes check duplicate
DEBUG:/Users/samirjohnson/projects/FAO/SOSI-2026/src/transform.py:Table aquaculture primary key ['country_un_code', 'asfis_code', 'environment_code', 'fao_area', 'year'] passes check NA
INFO:__main__:-> asfis schema process
DEBUG:/Users/samirjohnson/projects/FAO/SOSI-2026/src/transform.py:Table asfis primary key ['asfis_code'] passes check duplicate
DEBUG:/Users/samirjohnson/projects/FAO/SOSI-2026/src/transform.py:Table asfis primary key ['asfis_code'] passes check NA
INFO:__main__:-> stock_reference schema process
INFO:/Users/samirjohnson/projects/FAO/SOSI-2026/src/transform.py:Dropped 0 from table: stock_reference based on restriction: lambda col: col.str.split(";").explode().str.len().astype("Int64").eq(3) for column: asfis_code
INFO:/Users/samirjohnson/projects/FAO/SOSI-2026/src/transform.py:Dropped 0 from table: stock_reference based on restriction: lambda col: col.isin(['U', 'M', 'O', 'X', pd.NA]) for column: status
INFO:/Users/samirjohnson/projects/FAO/SOSI-2026/src/transform.py:Dropped 0 from table: stock_reference based on restriction: lambda col: (col.isin(['L', 'M', 'H', pd.NA])) for column: uncertainty
INFO:/Users/samirjohnson/projects/FAO/SOSI-2026/src/transform.py:Dropped 12 from table: stock_reference based on restriction: lambda col: col.notna() for column: grsf_stock_id
DEBUG:/Users/samirjohnson/projects/FAO/SOSI-2026/src/transform.py:              common_name  ... fao_areas
230          Atlantic cod  ...      [27]
231          Atlantic cod  ...      [27]
232          Atlantic cod  ...      [27]
233      European anchovy  ...      [27]
337     Southern flounder  ...      [31]
338    Yellowedge grouper  ...      [31]
339      Spotted weakfish  ...      [31]
340      Spotted weakfish  ...      [31]
341                 Cobia  ...      [31]
342  Scalloped hammerhead  ...      [31]
343      Great hammerhead  ...      [31]
344     Smooth hammerhead  ...      [31]

[12 rows x 13 columns]
DEBUG:/Users/samirjohnson/projects/FAO/SOSI-2026/src/transform.py:Table stock_reference primary key ['grsf_stock_id'] passes check duplicate
DEBUG:/Users/samirjohnson/projects/FAO/SOSI-2026/src/transform.py:Table stock_reference primary key ['grsf_stock_id'] passes check NA
INFO:__main__:-> Computing species landings
INFO:__main__:-> Computing stock landings
INFO:__main__:---------- Beginning Extraction ----------
INFO:googleapiclient.discovery_cache:file_cache is only supported with oauth2client<4.0.0
INFO:__main__:--> Extracting source tables
INFO:__main__:--> Extracting source tables
INFO:__main__:--> Extracting source tables
INFO:__main__:--> Extracting source tables
INFO:__main__:--> Extracting source tables
INFO:__main__:--> Extracting source tables
INFO:__main__:--> Extracting source tables
INFO:__main__:--> Extracting source tables
INFO:__main__:---------- Extraction Complete ----------
INFO:__main__:---------- Beginning Transformation ----------
INFO:/Users/samirjohnson/projects/FAO/SOSI-2026/src/transform.py:SOSITransformer initialized.
DEBUG:__main__:Stock reference columns: Index(['Unnamed: 0', 'fao_area', 'isscaap_code', 'isscaap_group', 'asfis_code',
       'common_name', 'species_name', 'location', 'status_year', 'tier',
       'status', 'uncertainty', 'assessment_update', 'data_owner',
       'data_provider', 'operational_data_process', 'source_citation',
       'source_citation_url', 'grsf_short_name', 'grsf_stock_id',
       'grsf_semantic_id', 'data_provider_stock_id', 'unit_update',
       'subarea_description', 'assessment_method', 'assessment_description',
       'status_basis', 'BdivBref', 'B_refpt', 'FdivFref', 'F_refpts',
       'status_text', 'comments', 'sosi_temp_id', 'sdg_id',
       'sosi_record_type'],
      dtype='object')
INFO:__main__:Applying schema verification and transformations...
INFO:__main__:-> capture schema process
INFO:/Users/samirjohnson/projects/FAO/SOSI-2026/src/transform.py:Dropped 29415 from table: capture based on restriction: lambda col: col == "Q_tlw" for column: MEASURE
DEBUG:/Users/samirjohnson/projects/FAO/SOSI-2026/src/transform.py:         VALUE MEASURE  ...  SPECIES.ALPHA_3_CODE  AREA.CODE
1025600    0.0  Q_no_1  ...                   MYS         99
1025601    0.0  Q_no_1  ...                   MYS         99
1025602    0.0  Q_no_1  ...                   MYS         99
1025603    0.0  Q_no_1  ...                   MYS         99
1025604    0.0  Q_no_1  ...                   MYS         99
...        ...     ...  ...                   ...        ...
1055010    0.0  Q_no_1  ...                   DBO         77
1055011    0.0  Q_no_1  ...                   DBO         77
1055012    0.0  Q_no_1  ...                   DBO         77
1055013    0.0  Q_no_1  ...                   DBO         77
1055014    0.0  Q_no_1  ...                   DBO         77

[29415 rows x 6 columns]
DEBUG:/Users/samirjohnson/projects/FAO/SOSI-2026/src/transform.py:Table capture primary key ['country_un_code', 'asfis_code', 'fao_area', 'year'] passes check duplicate
DEBUG:/Users/samirjohnson/projects/FAO/SOSI-2026/src/transform.py:Table capture primary key ['country_un_code', 'asfis_code', 'fao_area', 'year'] passes check NA
INFO:__main__:-> countries schema process
DEBUG:/Users/samirjohnson/projects/FAO/SOSI-2026/src/transform.py:Table countries primary key ['country_un_code'] passes check duplicate
DEBUG:/Users/samirjohnson/projects/FAO/SOSI-2026/src/transform.py:Table countries primary key ['country_un_code'] passes check NA
INFO:__main__:-> aquaculture schema process
DEBUG:/Users/samirjohnson/projects/FAO/SOSI-2026/src/transform.py:Table aquaculture primary key ['country_un_code', 'asfis_code', 'environment_code', 'fao_area', 'year'] passes check duplicate
DEBUG:/Users/samirjohnson/projects/FAO/SOSI-2026/src/transform.py:Table aquaculture primary key ['country_un_code', 'asfis_code', 'environment_code', 'fao_area', 'year'] passes check NA
INFO:__main__:-> asfis schema process
DEBUG:/Users/samirjohnson/projects/FAO/SOSI-2026/src/transform.py:Table asfis primary key ['asfis_code'] passes check duplicate
DEBUG:/Users/samirjohnson/projects/FAO/SOSI-2026/src/transform.py:Table asfis primary key ['asfis_code'] passes check NA
INFO:__main__:-> stock_reference schema process
INFO:/Users/samirjohnson/projects/FAO/SOSI-2026/src/transform.py:Dropped 0 from table: stock_reference based on restriction: lambda col: col.str.split(";").explode().str.len().astype("Int64").eq(3) for column: asfis_code
INFO:/Users/samirjohnson/projects/FAO/SOSI-2026/src/transform.py:Dropped 0 from table: stock_reference based on restriction: lambda col: col.isin(['U', 'M', 'O', 'X', pd.NA]) for column: status
INFO:/Users/samirjohnson/projects/FAO/SOSI-2026/src/transform.py:Dropped 0 from table: stock_reference based on restriction: lambda col: (col.isin(['L', 'M', 'H', pd.NA])) for column: uncertainty
INFO:/Users/samirjohnson/projects/FAO/SOSI-2026/src/transform.py:Dropped 12 from table: stock_reference based on restriction: lambda col: col.notna() for column: grsf_stock_id
DEBUG:/Users/samirjohnson/projects/FAO/SOSI-2026/src/transform.py:                                              location  ... fao_areas
230  North Sea, West of Scotland, eastern English C...  ...      [27]
231  North Sea, West of Scotland, eastern English C...  ...      [27]
232  North Sea, West of Scotland, eastern English C...  ...      [27]
233                      Area 27 Division 9.a Southern  ...      [27]
337                                USA Louisiana state  ...      [31]
338                                 USA Gulf of Mexico  ...      [31]
339                             USA Florida east coast  ...      [31]
340                             USA Florida west coast  ...      [31]
341                       Area 31 - USA Atlantic coast  ...      [31]
342                         Area 31 - Western Atlantic  ...      [31]
343                         Area 31 - Western Atlantic  ...      [31]
344                         Area 31 - Western Atlantic  ...      [31]

[12 rows x 13 columns]
DEBUG:/Users/samirjohnson/projects/FAO/SOSI-2026/src/transform.py:Table stock_reference primary key ['grsf_stock_id'] passes check duplicate
DEBUG:/Users/samirjohnson/projects/FAO/SOSI-2026/src/transform.py:Table stock_reference primary key ['grsf_stock_id'] passes check NA
INFO:__main__:-> Computing species landings
INFO:__main__:---------- Beginning Extraction ----------
INFO:googleapiclient.discovery_cache:file_cache is only supported with oauth2client<4.0.0
INFO:__main__:--> Extracting source tables
INFO:__main__:--> Extracting source tables
INFO:__main__:--> Extracting source tables
INFO:__main__:--> Extracting source tables
INFO:__main__:--> Extracting source tables
INFO:__main__:--> Extracting source tables
INFO:__main__:--> Extracting source tables
INFO:__main__:--> Extracting source tables
INFO:__main__:---------- Extraction Complete ----------
INFO:__main__:---------- Beginning Transformation ----------
INFO:/Users/samirjohnson/projects/FAO/SOSI-2026/src/transform.py:SOSITransformer initialized.
DEBUG:__main__:Stock reference columns: Index(['Unnamed: 0', 'fao_area', 'isscaap_code', 'isscaap_group', 'asfis_code',
       'common_name', 'species_name', 'location', 'status_year', 'tier',
       'status', 'uncertainty', 'assessment_update', 'data_owner',
       'data_provider', 'operational_data_process', 'source_citation',
       'source_citation_url', 'grsf_short_name', 'grsf_stock_id',
       'grsf_semantic_id', 'data_provider_stock_id', 'unit_update',
       'subarea_description', 'assessment_method', 'assessment_description',
       'status_basis', 'BdivBref', 'B_refpt', 'FdivFref', 'F_refpts',
       'status_text', 'comments', 'sosi_temp_id', 'sdg_id',
       'sosi_record_type'],
      dtype='object')
INFO:__main__:Applying schema verification and transformations...
INFO:__main__:-> capture schema process
INFO:/Users/samirjohnson/projects/FAO/SOSI-2026/src/transform.py:Dropped 29415 from table: capture based on restriction: lambda col: col == "Q_tlw" for column: MEASURE
DEBUG:/Users/samirjohnson/projects/FAO/SOSI-2026/src/transform.py:        SPECIES.ALPHA_3_CODE  VALUE  ...  COUNTRY.UN_CODE PERIOD
1025600                  MYS    0.0  ...               32   1970
1025601                  MYS    0.0  ...               32   1971
1025602                  MYS    0.0  ...               32   1972
1025603                  MYS    0.0  ...               32   1973
1025604                  MYS    0.0  ...               32   1974
...                      ...    ...  ...              ...    ...
1055010                  DBO    0.0  ...              896   2009
1055011                  DBO    0.0  ...              896   2010
1055012                  DBO    0.0  ...              896   2011
1055013                  DBO    0.0  ...              896   2012
1055014                  DBO    0.0  ...              896   2013

[29415 rows x 6 columns]
DEBUG:/Users/samirjohnson/projects/FAO/SOSI-2026/src/transform.py:Table capture primary key ['country_un_code', 'asfis_code', 'fao_area', 'year'] passes check duplicate
DEBUG:/Users/samirjohnson/projects/FAO/SOSI-2026/src/transform.py:Table capture primary key ['country_un_code', 'asfis_code', 'fao_area', 'year'] passes check NA
INFO:__main__:-> countries schema process
DEBUG:/Users/samirjohnson/projects/FAO/SOSI-2026/src/transform.py:Table countries primary key ['country_un_code'] passes check duplicate
DEBUG:/Users/samirjohnson/projects/FAO/SOSI-2026/src/transform.py:Table countries primary key ['country_un_code'] passes check NA
INFO:__main__:-> aquaculture schema process
DEBUG:/Users/samirjohnson/projects/FAO/SOSI-2026/src/transform.py:Table aquaculture primary key ['country_un_code', 'asfis_code', 'environment_code', 'fao_area', 'year'] passes check duplicate
DEBUG:/Users/samirjohnson/projects/FAO/SOSI-2026/src/transform.py:Table aquaculture primary key ['country_un_code', 'asfis_code', 'environment_code', 'fao_area', 'year'] passes check NA
INFO:__main__:-> asfis schema process
DEBUG:/Users/samirjohnson/projects/FAO/SOSI-2026/src/transform.py:Table asfis primary key ['asfis_code'] passes check duplicate
DEBUG:/Users/samirjohnson/projects/FAO/SOSI-2026/src/transform.py:Table asfis primary key ['asfis_code'] passes check NA
INFO:__main__:-> stock_reference schema process
INFO:/Users/samirjohnson/projects/FAO/SOSI-2026/src/transform.py:Dropped 0 from table: stock_reference based on restriction: lambda col: col.str.split(";").explode().str.len().astype("Int64").eq(3) for column: asfis_code
INFO:/Users/samirjohnson/projects/FAO/SOSI-2026/src/transform.py:Dropped 0 from table: stock_reference based on restriction: lambda col: col.isin(['U', 'M', 'O', 'X', pd.NA]) for column: status
INFO:/Users/samirjohnson/projects/FAO/SOSI-2026/src/transform.py:Dropped 0 from table: stock_reference based on restriction: lambda col: (col.isin(['L', 'M', 'H', pd.NA])) for column: uncertainty
INFO:/Users/samirjohnson/projects/FAO/SOSI-2026/src/transform.py:Dropped 12 from table: stock_reference based on restriction: lambda col: col.notna() for column: grsf_stock_id
DEBUG:/Users/samirjohnson/projects/FAO/SOSI-2026/src/transform.py:              common_name  ... fao_areas
230          Atlantic cod  ...      [27]
231          Atlantic cod  ...      [27]
232          Atlantic cod  ...      [27]
233      European anchovy  ...      [27]
337     Southern flounder  ...      [31]
338    Yellowedge grouper  ...      [31]
339      Spotted weakfish  ...      [31]
340      Spotted weakfish  ...      [31]
341                 Cobia  ...      [31]
342  Scalloped hammerhead  ...      [31]
343      Great hammerhead  ...      [31]
344     Smooth hammerhead  ...      [31]

[12 rows x 13 columns]
DEBUG:/Users/samirjohnson/projects/FAO/SOSI-2026/src/transform.py:Table stock_reference primary key ['grsf_stock_id'] passes check duplicate
DEBUG:/Users/samirjohnson/projects/FAO/SOSI-2026/src/transform.py:Table stock_reference primary key ['grsf_stock_id'] passes check NA
INFO:__main__:-> Computing species landings
INFO:__main__:-> Computing stock landings
INFO:__main__:---------- Beginning Extraction ----------
INFO:googleapiclient.discovery_cache:file_cache is only supported with oauth2client<4.0.0
INFO:__main__:---------- Beginning Extraction ----------
INFO:googleapiclient.discovery_cache:file_cache is only supported with oauth2client<4.0.0
DEBUG:googleapiclient.discovery:URL being requested: GET https://www.googleapis.com/drive/v3/files?spaces=drive&fields=files%28id%2C+mimeType%2C+name%29&alt=json
DEBUG:google_auth_httplib2:Making request: POST https://oauth2.googleapis.com/token
DEBUG:googleapiclient.discovery:URL being requested: GET https://www.googleapis.com/drive/v3/files?q=name+%3D+%27Update_Template_SoSI2026-Area27-upd%27+and+trashed+%3D+false&spaces=drive&fields=files%28id%2C+mimeType%2C+name%29&pageSize=1&alt=json
DEBUG:googleapiclient.discovery:URL being requested: GET https://www.googleapis.com/drive/v3/files?q=name+%3D+%27Update_Template_SoSI2026-Area27-upd%27+and+trashed+%3D+false&spaces=drive&fields=files%28id%2C+mimeType%2C+name%29&pageSize=1&alt=json
DEBUG:/Users/samirjohnson/projects/FAO/SOSI-2026/src/extract.py:-> Found file id: 1mBiVvXSEDT2D_sOg_dA4GvnGsSCL4TYWFjyKcPswMcY corresponding to file name Update_Template_SoSI2026-Area27-upd
DEBUG:/Users/samirjohnson/projects/FAO/SOSI-2026/src/extract.py:-> Downloading file content for ID: 1mBiVvXSEDT2D_sOg_dA4GvnGsSCL4TYWFjyKcPswMcY
DEBUG:googleapiclient.discovery:URL being requested: GET https://www.googleapis.com/drive/v3/files/1mBiVvXSEDT2D_sOg_dA4GvnGsSCL4TYWFjyKcPswMcY/export?mimeType=application%2Fvnd.openxmlformats-officedocument.spreadsheetml.sheet&alt=media
DEBUG:/Users/samirjohnson/projects/FAO/SOSI-2026/src/extract.py:-> Download complete for ID: 1mBiVvXSEDT2D_sOg_dA4GvnGsSCL4TYWFjyKcPswMcY
DEBUG:googleapiclient.discovery:URL being requested: GET https://www.googleapis.com/drive/v3/files/1mBiVvXSEDT2D_sOg_dA4GvnGsSCL4TYWFjyKcPswMcY/export?mimeType=application%2Fvnd.openxmlformats-officedocument.spreadsheetml.sheet&alt=media
INFO:/Users/samirjohnson/projects/FAO/SOSI-2026/src/extract.py:-> Extracting Update_Template_SoSI2026-Area27-upd from drive.
DEBUG:googleapiclient.discovery:URL being requested: GET https://www.googleapis.com/drive/v3/files?q=name+%3D+%27Update_Template_SoSI2026-Area27-upd%27+and+trashed+%3D+false&spaces=drive&fields=files%28id%2C+mimeType%2C+name%29&pageSize=1&alt=json
DEBUG:/Users/samirjohnson/projects/FAO/SOSI-2026/src/extract.py:-> Found file id: 1mBiVvXSEDT2D_sOg_dA4GvnGsSCL4TYWFjyKcPswMcY corresponding to file name Update_Template_SoSI2026-Area27-upd
DEBUG:/Users/samirjohnson/projects/FAO/SOSI-2026/src/extract.py:-> Downloading file content for ID: 1mBiVvXSEDT2D_sOg_dA4GvnGsSCL4TYWFjyKcPswMcY
DEBUG:googleapiclient.discovery:URL being requested: GET https://www.googleapis.com/drive/v3/files/1mBiVvXSEDT2D_sOg_dA4GvnGsSCL4TYWFjyKcPswMcY/export?mimeType=application%2Fvnd.openxmlformats-officedocument.spreadsheetml.sheet&alt=media
DEBUG:/Users/samirjohnson/projects/FAO/SOSI-2026/src/extract.py:-> Download complete for ID: 1mBiVvXSEDT2D_sOg_dA4GvnGsSCL4TYWFjyKcPswMcY
INFO:/Users/samirjohnson/projects/FAO/SOSI-2026/src/extract.py:-> Successfully loaded data into Pandas DataFrame.
DEBUG:googleapiclient.discovery:URL being requested: GET https://www.googleapis.com/drive/v3/files/1mBiVvXSEDT2D_sOg_dA4GvnGsSCL4TYWFjyKcPswMcY/export?mimeType=text%2Fcsv&alt=media
DEBUG:/Users/samirjohnson/projects/FAO/SOSI-2026/src/extract.py:-> Downloading file content for ID: 1mBiVvXSEDT2D_sOg_dA4GvnGsSCL4TYWFjyKcPswMcY
DEBUG:googleapiclient.discovery:URL being requested: GET https://www.googleapis.com/drive/v3/files/1mBiVvXSEDT2D_sOg_dA4GvnGsSCL4TYWFjyKcPswMcY/export?mimeType=application%2Fvnd.openxmlformats-officedocument.spreadsheetml.sheet&alt=media
DEBUG:/Users/samirjohnson/projects/FAO/SOSI-2026/src/extract.py:-> Downloading file content for ID: 1mBiVvXSEDT2D_sOg_dA4GvnGsSCL4TYWFjyKcPswMcY
DEBUG:googleapiclient.discovery:URL being requested: GET https://www.googleapis.com/drive/v3/files/1mBiVvXSEDT2D_sOg_dA4GvnGsSCL4TYWFjyKcPswMcY/export?mimeType=application%2Fvnd.openxmlformats-officedocument.spreadsheetml.sheet&alt=media
DEBUG:/Users/samirjohnson/projects/FAO/SOSI-2026/src/extract.py:-> Download complete for ID: 1mBiVvXSEDT2D_sOg_dA4GvnGsSCL4TYWFjyKcPswMcY
INFO:__main__:---------- Beginning Extraction ----------
INFO:googleapiclient.discovery_cache:file_cache is only supported with oauth2client<4.0.0
DEBUG:googleapiclient.discovery:URL being requested: GET https://www.googleapis.com/drive/v3/files?q=name+%3D+%27Update_Template_SoSI2026-Area27-upd%27+and+trashed+%3D+false&spaces=drive&fields=files%28id%2C+mimeType%2C+name%29&pageSize=1&alt=json
DEBUG:google_auth_httplib2:Making request: POST https://oauth2.googleapis.com/token
DEBUG:/Users/samirjohnson/projects/FAO/SOSI-2026/src/extract.py:-> Found file id: 1mBiVvXSEDT2D_sOg_dA4GvnGsSCL4TYWFjyKcPswMcY corresponding to file name Update_Template_SoSI2026-Area27-upd
DEBUG:googleapiclient.discovery:URL being requested: GET https://www.googleapis.com/drive/v3/files?q=name+%3D+%27Update_Template_SoSI2026-Area27-upd%27+and+trashed+%3D+false&spaces=drive&fields=files%28id%2C+mimeType%2C+name%29&pageSize=1&alt=json
DEBUG:/Users/samirjohnson/projects/FAO/SOSI-2026/src/extract.py:-> Found file id: 1mBiVvXSEDT2D_sOg_dA4GvnGsSCL4TYWFjyKcPswMcY corresponding to file name Update_Template_SoSI2026-Area27-upd
DEBUG:/Users/samirjohnson/projects/FAO/SOSI-2026/src/extract.py:-> Downloading file content for ID: 1mBiVvXSEDT2D_sOg_dA4GvnGsSCL4TYWFjyKcPswMcY
DEBUG:googleapiclient.discovery:URL being requested: GET https://www.googleapis.com/drive/v3/files/1mBiVvXSEDT2D_sOg_dA4GvnGsSCL4TYWFjyKcPswMcY/export?mimeType=application%2Fvnd.openxmlformats-officedocument.spreadsheetml.sheet&alt=media
DEBUG:/Users/samirjohnson/projects/FAO/SOSI-2026/src/extract.py:-> Download complete for ID: 1mBiVvXSEDT2D_sOg_dA4GvnGsSCL4TYWFjyKcPswMcY
INFO:/Users/samirjohnson/projects/FAO/SOSI-2026/src/extract.py:-> Extracting Update_Template_SoSI2026-Area27-upd from drive.
DEBUG:googleapiclient.discovery:URL being requested: GET https://www.googleapis.com/drive/v3/files?q=name+%3D+%27Update_Template_SoSI2026-Area27-upd%27+and+trashed+%3D+false&spaces=drive&fields=files%28id%2C+mimeType%2C+name%29&pageSize=1&alt=json
DEBUG:/Users/samirjohnson/projects/FAO/SOSI-2026/src/extract.py:-> Found file id: 1mBiVvXSEDT2D_sOg_dA4GvnGsSCL4TYWFjyKcPswMcY corresponding to file name Update_Template_SoSI2026-Area27-upd
DEBUG:/Users/samirjohnson/projects/FAO/SOSI-2026/src/extract.py:-> Downloading file content for ID: 1mBiVvXSEDT2D_sOg_dA4GvnGsSCL4TYWFjyKcPswMcY
DEBUG:googleapiclient.discovery:URL being requested: GET https://www.googleapis.com/drive/v3/files/1mBiVvXSEDT2D_sOg_dA4GvnGsSCL4TYWFjyKcPswMcY/export?mimeType=application%2Fvnd.openxmlformats-officedocument.spreadsheetml.sheet&alt=media
DEBUG:/Users/samirjohnson/projects/FAO/SOSI-2026/src/extract.py:-> Download complete for ID: 1mBiVvXSEDT2D_sOg_dA4GvnGsSCL4TYWFjyKcPswMcY
INFO:/Users/samirjohnson/projects/FAO/SOSI-2026/src/extract.py:-> Successfully loaded data into Pandas DataFrame.
DEBUG:googleapiclient.discovery:URL being requested: GET https://www.googleapis.com/drive/v3/files/1mBiVvXSEDT2D_sOg_dA4GvnGsSCL4TYWFjyKcPswMcY/export?mimeType=application%2Fvnd.openxmlformats-officedocument.spreadsheetml.sheet&alt=media
WARNING:googleapiclient._helpers:build() takes at most 2 positional arguments (3 given)
INFO:googleapiclient.discovery_cache:file_cache is only supported with oauth2client<4.0.0
INFO:__main__:---------- Beginning Extraction ----------
INFO:googleapiclient.discovery_cache:file_cache is only supported with oauth2client<4.0.0
INFO:googleapiclient.discovery_cache:file_cache is only supported with oauth2client<4.0.0
DEBUG:googleapiclient.discovery:URL being requested: GET https://www.googleapis.com/drive/v3/files?q=name+%3D+%27Update_Template_SoSI2026-Area27-upd%27+and+trashed+%3D+false&spaces=drive&fields=files%28id%2C+mimeType%2C+name%29&pageSize=1&alt=json
DEBUG:google_auth_httplib2:Making request: POST https://oauth2.googleapis.com/token
DEBUG:/Users/samirjohnson/projects/FAO/SOSI-2026/src/extract.py:-> Found file id: 1mBiVvXSEDT2D_sOg_dA4GvnGsSCL4TYWFjyKcPswMcY corresponding to file name Update_Template_SoSI2026-Area27-upd
DEBUG:googleapiclient.discovery:URL being requested: GET https://www.googleapis.com/drive/v3/files?q=name+%3D+%27Update_Template_SoSI2026-Area27-upd%27+and+trashed+%3D+false&spaces=drive&fields=files%28id%2C+mimeType%2C+name%29&pageSize=1&alt=json
DEBUG:/Users/samirjohnson/projects/FAO/SOSI-2026/src/extract.py:-> Found file id: 1mBiVvXSEDT2D_sOg_dA4GvnGsSCL4TYWFjyKcPswMcY corresponding to file name Update_Template_SoSI2026-Area27-upd
DEBUG:googleapiclient.discovery:URL being requested: GET https://sheets.googleapis.com/v4/spreadsheets/1mBiVvXSEDT2D_sOg_dA4GvnGsSCL4TYWFjyKcPswMcY/values/sosi2026?valueRenderOption=UNFORMATTED_VALUE&alt=json
DEBUG:google_auth_httplib2:Making request: POST https://oauth2.googleapis.com/token
INFO:__main__:---------- Beginning Extraction ----------
INFO:googleapiclient.discovery_cache:file_cache is only supported with oauth2client<4.0.0
INFO:googleapiclient.discovery_cache:file_cache is only supported with oauth2client<4.0.0
INFO:__main__:--> Extracting source tables
INFO:/Users/samirjohnson/projects/FAO/SOSI-2026/src/extract.py:-> Extracting Update_Template_SoSI2026-Area27-upd from drive.
DEBUG:googleapiclient.discovery:URL being requested: GET https://www.googleapis.com/drive/v3/files?q=name+%3D+%27Update_Template_SoSI2026-Area27-upd%27+and+trashed+%3D+false&spaces=drive&fields=files%28id%2C+mimeType%2C+name%29&pageSize=1&alt=json
DEBUG:google_auth_httplib2:Making request: POST https://oauth2.googleapis.com/token
DEBUG:/Users/samirjohnson/projects/FAO/SOSI-2026/src/extract.py:-> Found file id: 1mBiVvXSEDT2D_sOg_dA4GvnGsSCL4TYWFjyKcPswMcY corresponding to file name Update_Template_SoSI2026-Area27-upd
DEBUG:/Users/samirjohnson/projects/FAO/SOSI-2026/src/extract.py:-> Downloading file content for ID: application/vnd.google-apps.spreadsheet
ERROR:/Users/samirjohnson/projects/FAO/SOSI-2026/src/extract.py:A value error has occurred. Did you specify the correct sheet name: sosi2026 for the table: area27?
INFO:__main__:---------- Beginning Extraction ----------
INFO:googleapiclient.discovery_cache:file_cache is only supported with oauth2client<4.0.0
INFO:googleapiclient.discovery_cache:file_cache is only supported with oauth2client<4.0.0
INFO:__main__:--> Extracting source tables
INFO:/Users/samirjohnson/projects/FAO/SOSI-2026/src/extract.py:-> Extracting Update_Template_SoSI2026-Area27-upd from drive.
DEBUG:googleapiclient.discovery:URL being requested: GET https://www.googleapis.com/drive/v3/files?q=name+%3D+%27Update_Template_SoSI2026-Area27-upd%27+and+trashed+%3D+false&spaces=drive&fields=files%28id%2C+mimeType%2C+name%29&pageSize=1&alt=json
DEBUG:google_auth_httplib2:Making request: POST https://oauth2.googleapis.com/token
DEBUG:/Users/samirjohnson/projects/FAO/SOSI-2026/src/extract.py:-> Found file id: 1mBiVvXSEDT2D_sOg_dA4GvnGsSCL4TYWFjyKcPswMcY corresponding to file name Update_Template_SoSI2026-Area27-upd
DEBUG:/Users/samirjohnson/projects/FAO/SOSI-2026/src/extract.py:-> Fetching sheet: sosi2026 from ID: 1mBiVvXSEDT2D_sOg_dA4GvnGsSCL4TYWFjyKcPswMcY
DEBUG:googleapiclient.discovery:URL being requested: GET https://sheets.googleapis.com/v4/spreadsheets/1mBiVvXSEDT2D_sOg_dA4GvnGsSCL4TYWFjyKcPswMcY/values/sosi2026?valueRenderOption=UNFORMATTED_VALUE&alt=json
DEBUG:google_auth_httplib2:Making request: POST https://oauth2.googleapis.com/token
INFO:/Users/samirjohnson/projects/FAO/SOSI-2026/src/extract.py:-> Successfully loaded data into Pandas DataFrame.
INFO:__main__:--> Extracting source tables
INFO:/Users/samirjohnson/projects/FAO/SOSI-2026/src/extract.py:-> Extracting Update_Template_SoSI2026-Area31-upd from drive.
DEBUG:googleapiclient.discovery:URL being requested: GET https://www.googleapis.com/drive/v3/files?q=name+%3D+%27Update_Template_SoSI2026-Area31-upd%27+and+trashed+%3D+false&spaces=drive&fields=files%28id%2C+mimeType%2C+name%29&pageSize=1&alt=json
DEBUG:/Users/samirjohnson/projects/FAO/SOSI-2026/src/extract.py:-> Found file id: 1aNXdnP6uZNcHsFHimTJeR570Ekpe771duWvIvzDRGK0 corresponding to file name Update_Template_SoSI2026-Area31-upd
DEBUG:/Users/samirjohnson/projects/FAO/SOSI-2026/src/extract.py:-> Fetching sheet: sosi2026 from ID: 1aNXdnP6uZNcHsFHimTJeR570Ekpe771duWvIvzDRGK0
DEBUG:googleapiclient.discovery:URL being requested: GET https://sheets.googleapis.com/v4/spreadsheets/1aNXdnP6uZNcHsFHimTJeR570Ekpe771duWvIvzDRGK0/values/sosi2026?valueRenderOption=UNFORMATTED_VALUE&alt=json
INFO:/Users/samirjohnson/projects/FAO/SOSI-2026/src/extract.py:-> Successfully loaded data into Pandas DataFrame.
INFO:__main__:--> Extracting source tables
INFO:/Users/samirjohnson/projects/FAO/SOSI-2026/src/extract.py:-> Extracting Update_Template_SoSI2026-Area41-upd from drive.
DEBUG:googleapiclient.discovery:URL being requested: GET https://www.googleapis.com/drive/v3/files?q=name+%3D+%27Update_Template_SoSI2026-Area41-upd%27+and+trashed+%3D+false&spaces=drive&fields=files%28id%2C+mimeType%2C+name%29&pageSize=1&alt=json
DEBUG:/Users/samirjohnson/projects/FAO/SOSI-2026/src/extract.py:-> Found file id: 1mecn2sjEU-58Ty4J_LP3TGmtNUhnt8wEuze9w9GrJyE corresponding to file name Update_Template_SoSI2026-Area41-upd
DEBUG:/Users/samirjohnson/projects/FAO/SOSI-2026/src/extract.py:-> Fetching sheet: sosi2026 from ID: 1mecn2sjEU-58Ty4J_LP3TGmtNUhnt8wEuze9w9GrJyE
DEBUG:googleapiclient.discovery:URL being requested: GET https://sheets.googleapis.com/v4/spreadsheets/1mecn2sjEU-58Ty4J_LP3TGmtNUhnt8wEuze9w9GrJyE/values/sosi2026?valueRenderOption=UNFORMATTED_VALUE&alt=json
INFO:/Users/samirjohnson/projects/FAO/SOSI-2026/src/extract.py:-> Successfully loaded data into Pandas DataFrame.
INFO:__main__:--> Extracting source tables
INFO:/Users/samirjohnson/projects/FAO/SOSI-2026/src/extract.py:-> Extracting file Aquaculture_Quantity.csv from url: https://www.fao.org/fishery/static/Data/Aquaculture_2025.1.0.zip
DEBUG:urllib3.connectionpool:Starting new HTTPS connection (1): www.fao.org:443
DEBUG:urllib3.connectionpool:https://www.fao.org:443 "GET /fishery/static/Data/Aquaculture_2025.1.0.zip HTTP/1.1" 200 2167356
INFO:/Users/samirjohnson/projects/FAO/SOSI-2026/src/extract.py:-> Successfully extracted file into Pandas DataFrame
INFO:/Users/samirjohnson/projects/FAO/SOSI-2026/src/extract.py:-> Saved file to /Users/samirjohnson/projects/FAO/SOSI-2026/.cache/Aquaculture_Quantity.csv
INFO:__main__:--> Extracting source tables
INFO:/Users/samirjohnson/projects/FAO/SOSI-2026/src/extract.py:-> Extracting file Capture_Quantity.csv from url: https://www.fao.org/fishery/static/Data/Capture_2025.1.0.zip
DEBUG:urllib3.connectionpool:Starting new HTTPS connection (1): www.fao.org:443
DEBUG:urllib3.connectionpool:https://www.fao.org:443 "GET /fishery/static/Data/Capture_2025.1.0.zip HTTP/1.1" 200 5238950
INFO:/Users/samirjohnson/projects/FAO/SOSI-2026/src/extract.py:-> Successfully extracted file into Pandas DataFrame
INFO:/Users/samirjohnson/projects/FAO/SOSI-2026/src/extract.py:-> Saved file to /Users/samirjohnson/projects/FAO/SOSI-2026/.cache/Capture_Quantity.csv
INFO:__main__:--> Extracting source tables
INFO:/Users/samirjohnson/projects/FAO/SOSI-2026/src/extract.py:-> Extracting table from url: https://raw.githubusercontent.com/samirjohnson48/SOSI-2025/main/output/clean_data/stock_weights.xlsx
DEBUG:/Users/samirjohnson/projects/FAO/SOSI-2026/src/extract.py:Table url: https://raw.githubusercontent.com/samirjohnson48/SOSI-2025/main/output/clean_data/stock_weights.xlsx
DEBUG:/Users/samirjohnson/projects/FAO/SOSI-2026/src/extract.py:Auth token: GITHUB_ACCESS_TOKEN
DEBUG:urllib3.connectionpool:Starting new HTTPS connection (1): raw.githubusercontent.com:443
DEBUG:urllib3.connectionpool:https://raw.githubusercontent.com:443 "GET /samirjohnson48/SOSI-2025/main/output/clean_data/stock_weights.xlsx HTTP/1.1" 200 79634
INFO:/Users/samirjohnson/projects/FAO/SOSI-2026/src/extract.py:-> Successfully extracted table into Pandas DataFrame
INFO:__main__:--> Extracting source tables
INFO:/Users/samirjohnson/projects/FAO/SOSI-2026/src/extract.py:-> Extracting file ASFIS_sp_2025.csv from url: https://www.fao.org/fishery/static/ASFIS/ASFIS_sp.zip
DEBUG:urllib3.connectionpool:Starting new HTTPS connection (1): www.fao.org:443
DEBUG:urllib3.connectionpool:https://www.fao.org:443 "GET /fishery/static/ASFIS/ASFIS_sp.zip HTTP/1.1" 200 2014343
INFO:/Users/samirjohnson/projects/FAO/SOSI-2026/src/extract.py:-> Successfully extracted file into Pandas DataFrame
INFO:/Users/samirjohnson/projects/FAO/SOSI-2026/src/extract.py:-> Saved file to /Users/samirjohnson/projects/FAO/SOSI-2026/.cache/ASFIS_sp_2025.csv
INFO:__main__:--> Extracting source tables
INFO:/Users/samirjohnson/projects/FAO/SOSI-2026/src/extract.py:-> Extracting file CL_FI_COUNTRY_GROUPS.csv from url: https://www.fao.org/fishery/static/Data/Capture_2025.1.0.zip
DEBUG:urllib3.connectionpool:Starting new HTTPS connection (1): www.fao.org:443
DEBUG:urllib3.connectionpool:https://www.fao.org:443 "GET /fishery/static/Data/Capture_2025.1.0.zip HTTP/1.1" 200 5238950
INFO:/Users/samirjohnson/projects/FAO/SOSI-2026/src/extract.py:-> Successfully extracted file into Pandas DataFrame
INFO:/Users/samirjohnson/projects/FAO/SOSI-2026/src/extract.py:-> Saved file to /Users/samirjohnson/projects/FAO/SOSI-2026/.cache/CL_FI_COUNTRY_GROUPS.csv
INFO:__main__:---------- Beginning Extraction ----------
INFO:googleapiclient.discovery_cache:file_cache is only supported with oauth2client<4.0.0
INFO:googleapiclient.discovery_cache:file_cache is only supported with oauth2client<4.0.0
INFO:__main__:---------- Beginning Extraction ----------
INFO:googleapiclient.discovery_cache:file_cache is only supported with oauth2client<4.0.0
INFO:googleapiclient.discovery_cache:file_cache is only supported with oauth2client<4.0.0
INFO:__main__:---------- Beginning Extraction ----------
INFO:googleapiclient.discovery_cache:file_cache is only supported with oauth2client<4.0.0
INFO:googleapiclient.discovery_cache:file_cache is only supported with oauth2client<4.0.0
INFO:__main__:---------- Beginning Extraction ----------
INFO:googleapiclient.discovery_cache:file_cache is only supported with oauth2client<4.0.0
INFO:googleapiclient.discovery_cache:file_cache is only supported with oauth2client<4.0.0
INFO:__main__:--> Extracting source tables
INFO:__main__:---------- Beginning Extraction ----------
INFO:googleapiclient.discovery_cache:file_cache is only supported with oauth2client<4.0.0
INFO:googleapiclient.discovery_cache:file_cache is only supported with oauth2client<4.0.0
INFO:__main__:--> Extracting source tables
INFO:__main__:---------- Beginning Extraction ----------
INFO:googleapiclient.discovery_cache:file_cache is only supported with oauth2client<4.0.0
INFO:googleapiclient.discovery_cache:file_cache is only supported with oauth2client<4.0.0
INFO:__main__:--> Extracting source tables
INFO:__main__:---------- Beginning Extraction ----------
INFO:googleapiclient.discovery_cache:file_cache is only supported with oauth2client<4.0.0
INFO:googleapiclient.discovery_cache:file_cache is only supported with oauth2client<4.0.0
INFO:__main__:--> Extracting source tables
INFO:__main__:---------- Beginning Extraction ----------
INFO:googleapiclient.discovery_cache:file_cache is only supported with oauth2client<4.0.0
INFO:googleapiclient.discovery_cache:file_cache is only supported with oauth2client<4.0.0
INFO:__main__:--> Extracting source tables
INFO:__main__:---------- Beginning Extraction ----------
INFO:googleapiclient.discovery_cache:file_cache is only supported with oauth2client<4.0.0
INFO:googleapiclient.discovery_cache:file_cache is only supported with oauth2client<4.0.0
INFO:__main__:--> Extracting source tables
INFO:/Users/samirjohnson/projects/FAO/SOSI-2026/src/extract.py:-> Extracting Update_Template_SoSI2026-Area27-upd from drive.
DEBUG:googleapiclient.discovery:URL being requested: GET https://www.googleapis.com/drive/v3/files?q=name+%3D+%27Update_Template_SoSI2026-Area27-upd%27+and+trashed+%3D+false&spaces=drive&fields=files%28id%2C+mimeType%2C+name%29&pageSize=1&alt=json
DEBUG:google_auth_httplib2:Making request: POST https://oauth2.googleapis.com/token
DEBUG:/Users/samirjohnson/projects/FAO/SOSI-2026/src/extract.py:-> Found file id: 1mBiVvXSEDT2D_sOg_dA4GvnGsSCL4TYWFjyKcPswMcY corresponding to file name Update_Template_SoSI2026-Area27-upd
DEBUG:/Users/samirjohnson/projects/FAO/SOSI-2026/src/extract.py:-> Fetching sheet: sosi2026 from ID: 1mBiVvXSEDT2D_sOg_dA4GvnGsSCL4TYWFjyKcPswMcY
DEBUG:googleapiclient.discovery:URL being requested: GET https://sheets.googleapis.com/v4/spreadsheets/1mBiVvXSEDT2D_sOg_dA4GvnGsSCL4TYWFjyKcPswMcY/values/sosi2026?valueRenderOption=UNFORMATTED_VALUE&alt=json
DEBUG:google_auth_httplib2:Making request: POST https://oauth2.googleapis.com/token
INFO:/Users/samirjohnson/projects/FAO/SOSI-2026/src/extract.py:-> Successfully loaded data into Pandas DataFrame.
INFO:/Users/samirjohnson/projects/FAO/SOSI-2026/src/extract.py:-> Extracting Update_Template_SoSI2026-Area31-upd from drive.
DEBUG:googleapiclient.discovery:URL being requested: GET https://www.googleapis.com/drive/v3/files?q=name+%3D+%27Update_Template_SoSI2026-Area31-upd%27+and+trashed+%3D+false&spaces=drive&fields=files%28id%2C+mimeType%2C+name%29&pageSize=1&alt=json
DEBUG:/Users/samirjohnson/projects/FAO/SOSI-2026/src/extract.py:-> Found file id: 1aNXdnP6uZNcHsFHimTJeR570Ekpe771duWvIvzDRGK0 corresponding to file name Update_Template_SoSI2026-Area31-upd
DEBUG:/Users/samirjohnson/projects/FAO/SOSI-2026/src/extract.py:-> Fetching sheet: sosi2026 from ID: 1aNXdnP6uZNcHsFHimTJeR570Ekpe771duWvIvzDRGK0
DEBUG:googleapiclient.discovery:URL being requested: GET https://sheets.googleapis.com/v4/spreadsheets/1aNXdnP6uZNcHsFHimTJeR570Ekpe771duWvIvzDRGK0/values/sosi2026?valueRenderOption=UNFORMATTED_VALUE&alt=json
INFO:/Users/samirjohnson/projects/FAO/SOSI-2026/src/extract.py:-> Successfully loaded data into Pandas DataFrame.
INFO:/Users/samirjohnson/projects/FAO/SOSI-2026/src/extract.py:-> Extracting Update_Template_SoSI2026-Area41-upd from drive.
DEBUG:googleapiclient.discovery:URL being requested: GET https://www.googleapis.com/drive/v3/files?q=name+%3D+%27Update_Template_SoSI2026-Area41-upd%27+and+trashed+%3D+false&spaces=drive&fields=files%28id%2C+mimeType%2C+name%29&pageSize=1&alt=json
DEBUG:/Users/samirjohnson/projects/FAO/SOSI-2026/src/extract.py:-> Found file id: 1mecn2sjEU-58Ty4J_LP3TGmtNUhnt8wEuze9w9GrJyE corresponding to file name Update_Template_SoSI2026-Area41-upd
DEBUG:/Users/samirjohnson/projects/FAO/SOSI-2026/src/extract.py:-> Fetching sheet: sosi2026 from ID: 1mecn2sjEU-58Ty4J_LP3TGmtNUhnt8wEuze9w9GrJyE
DEBUG:googleapiclient.discovery:URL being requested: GET https://sheets.googleapis.com/v4/spreadsheets/1mecn2sjEU-58Ty4J_LP3TGmtNUhnt8wEuze9w9GrJyE/values/sosi2026?valueRenderOption=UNFORMATTED_VALUE&alt=json
INFO:/Users/samirjohnson/projects/FAO/SOSI-2026/src/extract.py:-> Successfully loaded data into Pandas DataFrame.
INFO:__main__:--> Extracting source tables
INFO:/Users/samirjohnson/projects/FAO/SOSI-2026/src/extract.py:-> Extracting tables capture, countries, areas from url: https://www.fao.org/fishery/static/Data/Capture_2025.1.0.zip
DEBUG:urllib3.connectionpool:Starting new HTTPS connection (1): www.fao.org:443
DEBUG:urllib3.connectionpool:https://www.fao.org:443 "GET /fishery/static/Data/Capture_2025.1.0.zip HTTP/1.1" 200 5238950
INFO:__main__:---------- Beginning Extraction ----------
INFO:googleapiclient.discovery_cache:file_cache is only supported with oauth2client<4.0.0
INFO:googleapiclient.discovery_cache:file_cache is only supported with oauth2client<4.0.0
INFO:__main__:--> Extracting source tables
INFO:/Users/samirjohnson/projects/FAO/SOSI-2026/src/extract.py:-> Extracting Update_Template_SoSI2026-Area27-upd from drive.
DEBUG:googleapiclient.discovery:URL being requested: GET https://www.googleapis.com/drive/v3/files?q=name+%3D+%27Update_Template_SoSI2026-Area27-upd%27+and+trashed+%3D+false&spaces=drive&fields=files%28id%2C+mimeType%2C+name%29&pageSize=1&alt=json
DEBUG:google_auth_httplib2:Making request: POST https://oauth2.googleapis.com/token
DEBUG:/Users/samirjohnson/projects/FAO/SOSI-2026/src/extract.py:-> Found file id: 1mBiVvXSEDT2D_sOg_dA4GvnGsSCL4TYWFjyKcPswMcY corresponding to file name Update_Template_SoSI2026-Area27-upd
DEBUG:/Users/samirjohnson/projects/FAO/SOSI-2026/src/extract.py:-> Fetching sheet: sosi2026 from ID: 1mBiVvXSEDT2D_sOg_dA4GvnGsSCL4TYWFjyKcPswMcY
DEBUG:googleapiclient.discovery:URL being requested: GET https://sheets.googleapis.com/v4/spreadsheets/1mBiVvXSEDT2D_sOg_dA4GvnGsSCL4TYWFjyKcPswMcY/values/sosi2026?valueRenderOption=UNFORMATTED_VALUE&alt=json
DEBUG:google_auth_httplib2:Making request: POST https://oauth2.googleapis.com/token
INFO:/Users/samirjohnson/projects/FAO/SOSI-2026/src/extract.py:-> Successfully loaded data into Pandas DataFrame.
INFO:/Users/samirjohnson/projects/FAO/SOSI-2026/src/extract.py:-> Extracting Update_Template_SoSI2026-Area31-upd from drive.
DEBUG:googleapiclient.discovery:URL being requested: GET https://www.googleapis.com/drive/v3/files?q=name+%3D+%27Update_Template_SoSI2026-Area31-upd%27+and+trashed+%3D+false&spaces=drive&fields=files%28id%2C+mimeType%2C+name%29&pageSize=1&alt=json
DEBUG:/Users/samirjohnson/projects/FAO/SOSI-2026/src/extract.py:-> Found file id: 1aNXdnP6uZNcHsFHimTJeR570Ekpe771duWvIvzDRGK0 corresponding to file name Update_Template_SoSI2026-Area31-upd
DEBUG:/Users/samirjohnson/projects/FAO/SOSI-2026/src/extract.py:-> Fetching sheet: sosi2026 from ID: 1aNXdnP6uZNcHsFHimTJeR570Ekpe771duWvIvzDRGK0
DEBUG:googleapiclient.discovery:URL being requested: GET https://sheets.googleapis.com/v4/spreadsheets/1aNXdnP6uZNcHsFHimTJeR570Ekpe771duWvIvzDRGK0/values/sosi2026?valueRenderOption=UNFORMATTED_VALUE&alt=json
INFO:/Users/samirjohnson/projects/FAO/SOSI-2026/src/extract.py:-> Successfully loaded data into Pandas DataFrame.
INFO:/Users/samirjohnson/projects/FAO/SOSI-2026/src/extract.py:-> Extracting Update_Template_SoSI2026-Area41-upd from drive.
DEBUG:googleapiclient.discovery:URL being requested: GET https://www.googleapis.com/drive/v3/files?q=name+%3D+%27Update_Template_SoSI2026-Area41-upd%27+and+trashed+%3D+false&spaces=drive&fields=files%28id%2C+mimeType%2C+name%29&pageSize=1&alt=json
DEBUG:/Users/samirjohnson/projects/FAO/SOSI-2026/src/extract.py:-> Found file id: 1mecn2sjEU-58Ty4J_LP3TGmtNUhnt8wEuze9w9GrJyE corresponding to file name Update_Template_SoSI2026-Area41-upd
DEBUG:/Users/samirjohnson/projects/FAO/SOSI-2026/src/extract.py:-> Fetching sheet: sosi2026 from ID: 1mecn2sjEU-58Ty4J_LP3TGmtNUhnt8wEuze9w9GrJyE
DEBUG:googleapiclient.discovery:URL being requested: GET https://sheets.googleapis.com/v4/spreadsheets/1mecn2sjEU-58Ty4J_LP3TGmtNUhnt8wEuze9w9GrJyE/values/sosi2026?valueRenderOption=UNFORMATTED_VALUE&alt=json
INFO:/Users/samirjohnson/projects/FAO/SOSI-2026/src/extract.py:-> Successfully loaded data into Pandas DataFrame.
INFO:__main__:--> Extracting source tables
INFO:/Users/samirjohnson/projects/FAO/SOSI-2026/src/extract.py:-> Extracting tables capture, countries, areas from url: https://www.fao.org/fishery/static/Data/Capture_2025.1.0.zip
DEBUG:urllib3.connectionpool:Starting new HTTPS connection (1): www.fao.org:443
DEBUG:urllib3.connectionpool:https://www.fao.org:443 "GET /fishery/static/Data/Capture_2025.1.0.zip HTTP/1.1" 200 5238950
INFO:__main__:---------- Beginning Extraction ----------
INFO:googleapiclient.discovery_cache:file_cache is only supported with oauth2client<4.0.0
INFO:googleapiclient.discovery_cache:file_cache is only supported with oauth2client<4.0.0
INFO:__main__:--> Extracting source tables
INFO:/Users/samirjohnson/projects/FAO/SOSI-2026/src/extract.py:-> Extracting Update_Template_SoSI2026-Area27-upd from drive.
DEBUG:googleapiclient.discovery:URL being requested: GET https://www.googleapis.com/drive/v3/files?q=name+%3D+%27Update_Template_SoSI2026-Area27-upd%27+and+trashed+%3D+false&spaces=drive&fields=files%28id%2C+mimeType%2C+name%29&pageSize=1&alt=json
DEBUG:google_auth_httplib2:Making request: POST https://oauth2.googleapis.com/token
DEBUG:/Users/samirjohnson/projects/FAO/SOSI-2026/src/extract.py:-> Found file id: 1mBiVvXSEDT2D_sOg_dA4GvnGsSCL4TYWFjyKcPswMcY corresponding to file name Update_Template_SoSI2026-Area27-upd
DEBUG:/Users/samirjohnson/projects/FAO/SOSI-2026/src/extract.py:-> Fetching sheet: sosi2026 from ID: 1mBiVvXSEDT2D_sOg_dA4GvnGsSCL4TYWFjyKcPswMcY
DEBUG:googleapiclient.discovery:URL being requested: GET https://sheets.googleapis.com/v4/spreadsheets/1mBiVvXSEDT2D_sOg_dA4GvnGsSCL4TYWFjyKcPswMcY/values/sosi2026?valueRenderOption=UNFORMATTED_VALUE&alt=json
DEBUG:google_auth_httplib2:Making request: POST https://oauth2.googleapis.com/token
INFO:/Users/samirjohnson/projects/FAO/SOSI-2026/src/extract.py:-> Successfully loaded data into Pandas DataFrame.
INFO:/Users/samirjohnson/projects/FAO/SOSI-2026/src/extract.py:-> Extracting Update_Template_SoSI2026-Area31-upd from drive.
DEBUG:googleapiclient.discovery:URL being requested: GET https://www.googleapis.com/drive/v3/files?q=name+%3D+%27Update_Template_SoSI2026-Area31-upd%27+and+trashed+%3D+false&spaces=drive&fields=files%28id%2C+mimeType%2C+name%29&pageSize=1&alt=json
DEBUG:/Users/samirjohnson/projects/FAO/SOSI-2026/src/extract.py:-> Found file id: 1aNXdnP6uZNcHsFHimTJeR570Ekpe771duWvIvzDRGK0 corresponding to file name Update_Template_SoSI2026-Area31-upd
DEBUG:/Users/samirjohnson/projects/FAO/SOSI-2026/src/extract.py:-> Fetching sheet: sosi2026 from ID: 1aNXdnP6uZNcHsFHimTJeR570Ekpe771duWvIvzDRGK0
DEBUG:googleapiclient.discovery:URL being requested: GET https://sheets.googleapis.com/v4/spreadsheets/1aNXdnP6uZNcHsFHimTJeR570Ekpe771duWvIvzDRGK0/values/sosi2026?valueRenderOption=UNFORMATTED_VALUE&alt=json
INFO:/Users/samirjohnson/projects/FAO/SOSI-2026/src/extract.py:-> Successfully loaded data into Pandas DataFrame.
INFO:/Users/samirjohnson/projects/FAO/SOSI-2026/src/extract.py:-> Extracting Update_Template_SoSI2026-Area41-upd from drive.
DEBUG:googleapiclient.discovery:URL being requested: GET https://www.googleapis.com/drive/v3/files?q=name+%3D+%27Update_Template_SoSI2026-Area41-upd%27+and+trashed+%3D+false&spaces=drive&fields=files%28id%2C+mimeType%2C+name%29&pageSize=1&alt=json
DEBUG:/Users/samirjohnson/projects/FAO/SOSI-2026/src/extract.py:-> Found file id: 1mecn2sjEU-58Ty4J_LP3TGmtNUhnt8wEuze9w9GrJyE corresponding to file name Update_Template_SoSI2026-Area41-upd
DEBUG:/Users/samirjohnson/projects/FAO/SOSI-2026/src/extract.py:-> Fetching sheet: sosi2026 from ID: 1mecn2sjEU-58Ty4J_LP3TGmtNUhnt8wEuze9w9GrJyE
DEBUG:googleapiclient.discovery:URL being requested: GET https://sheets.googleapis.com/v4/spreadsheets/1mecn2sjEU-58Ty4J_LP3TGmtNUhnt8wEuze9w9GrJyE/values/sosi2026?valueRenderOption=UNFORMATTED_VALUE&alt=json
INFO:/Users/samirjohnson/projects/FAO/SOSI-2026/src/extract.py:-> Successfully loaded data into Pandas DataFrame.
INFO:__main__:--> Extracting source tables
INFO:/Users/samirjohnson/projects/FAO/SOSI-2026/src/extract.py:-> Extracting tables capture, countries, areas from url: https://www.fao.org/fishery/static/Data/Capture_2025.1.0.zip
DEBUG:urllib3.connectionpool:Starting new HTTPS connection (1): www.fao.org:443
DEBUG:urllib3.connectionpool:https://www.fao.org:443 "GET /fishery/static/Data/Capture_2025.1.0.zip HTTP/1.1" 200 5238950
INFO:/Users/samirjohnson/projects/FAO/SOSI-2026/src/extract.py:-> Successfully extracted file into Pandas DataFrame
INFO:/Users/samirjohnson/projects/FAO/SOSI-2026/src/extract.py:-> Saved file to /Users/samirjohnson/projects/FAO/SOSI-2026/.cache/Capture_Quantity.csv
INFO:/Users/samirjohnson/projects/FAO/SOSI-2026/src/extract.py:-> Successfully extracted file into Pandas DataFrame
INFO:/Users/samirjohnson/projects/FAO/SOSI-2026/src/extract.py:-> Saved file to /Users/samirjohnson/projects/FAO/SOSI-2026/.cache/CL_FI_COUNTRY_GROUPS.csv
INFO:/Users/samirjohnson/projects/FAO/SOSI-2026/src/extract.py:-> Successfully extracted file into Pandas DataFrame
INFO:/Users/samirjohnson/projects/FAO/SOSI-2026/src/extract.py:-> Saved file to /Users/samirjohnson/projects/FAO/SOSI-2026/.cache/CL_FI_WATERAREA_GROUPS.csv
INFO:__main__:--> Extracting source tables
INFO:/Users/samirjohnson/projects/FAO/SOSI-2026/src/extract.py:-> Extracting tables aquaculture from url: https://www.fao.org/fishery/static/Data/Aquaculture_2025.1.0.zip
DEBUG:urllib3.connectionpool:Starting new HTTPS connection (1): www.fao.org:443
DEBUG:urllib3.connectionpool:https://www.fao.org:443 "GET /fishery/static/Data/Aquaculture_2025.1.0.zip HTTP/1.1" 200 2167356
INFO:/Users/samirjohnson/projects/FAO/SOSI-2026/src/extract.py:-> Successfully extracted file into Pandas DataFrame
INFO:/Users/samirjohnson/projects/FAO/SOSI-2026/src/extract.py:-> Saved file to /Users/samirjohnson/projects/FAO/SOSI-2026/.cache/Aquaculture_Quantity.csv
INFO:__main__:--> Extracting source tables
INFO:/Users/samirjohnson/projects/FAO/SOSI-2026/src/extract.py:-> Extracting tables asfis from url: https://www.fao.org/fishery/static/ASFIS/ASFIS_sp.zip
DEBUG:urllib3.connectionpool:Starting new HTTPS connection (1): www.fao.org:443
DEBUG:urllib3.connectionpool:https://www.fao.org:443 "GET /fishery/static/ASFIS/ASFIS_sp.zip HTTP/1.1" 200 2014343
INFO:/Users/samirjohnson/projects/FAO/SOSI-2026/src/extract.py:-> Successfully extracted file into Pandas DataFrame
INFO:/Users/samirjohnson/projects/FAO/SOSI-2026/src/extract.py:-> Saved file to /Users/samirjohnson/projects/FAO/SOSI-2026/.cache/ASFIS_sp_2025.csv
INFO:__main__:---------- Extraction Complete ----------
INFO:__main__:---------- Beginning Transformation ----------
INFO:/Users/samirjohnson/projects/FAO/SOSI-2026/src/transform.py:SOSITransformer initialized.
INFO:__main__:---------- Beginning Extraction ----------
INFO:googleapiclient.discovery_cache:file_cache is only supported with oauth2client<4.0.0
INFO:googleapiclient.discovery_cache:file_cache is only supported with oauth2client<4.0.0
INFO:__main__:--> Extracting source tables
INFO:/Users/samirjohnson/projects/FAO/SOSI-2026/src/extract.py:-> Extracting Update_Template_SoSI2026-Area27-upd from drive.
DEBUG:googleapiclient.discovery:URL being requested: GET https://www.googleapis.com/drive/v3/files?q=name+%3D+%27Update_Template_SoSI2026-Area27-upd%27+and+trashed+%3D+false&spaces=drive&fields=files%28id%2C+mimeType%2C+name%29&pageSize=1&alt=json
DEBUG:google_auth_httplib2:Making request: POST https://oauth2.googleapis.com/token
DEBUG:/Users/samirjohnson/projects/FAO/SOSI-2026/src/extract.py:-> Found file id: 1mBiVvXSEDT2D_sOg_dA4GvnGsSCL4TYWFjyKcPswMcY corresponding to file name Update_Template_SoSI2026-Area27-upd
DEBUG:/Users/samirjohnson/projects/FAO/SOSI-2026/src/extract.py:-> Fetching sheet: sosi2026 from ID: 1mBiVvXSEDT2D_sOg_dA4GvnGsSCL4TYWFjyKcPswMcY
DEBUG:googleapiclient.discovery:URL being requested: GET https://sheets.googleapis.com/v4/spreadsheets/1mBiVvXSEDT2D_sOg_dA4GvnGsSCL4TYWFjyKcPswMcY/values/sosi2026?valueRenderOption=UNFORMATTED_VALUE&alt=json
DEBUG:google_auth_httplib2:Making request: POST https://oauth2.googleapis.com/token
INFO:/Users/samirjohnson/projects/FAO/SOSI-2026/src/extract.py:-> Successfully loaded data into Pandas DataFrame.
INFO:/Users/samirjohnson/projects/FAO/SOSI-2026/src/extract.py:-> Extracting Update_Template_SoSI2026-Area31-upd from drive.
DEBUG:googleapiclient.discovery:URL being requested: GET https://www.googleapis.com/drive/v3/files?q=name+%3D+%27Update_Template_SoSI2026-Area31-upd%27+and+trashed+%3D+false&spaces=drive&fields=files%28id%2C+mimeType%2C+name%29&pageSize=1&alt=json
DEBUG:/Users/samirjohnson/projects/FAO/SOSI-2026/src/extract.py:-> Found file id: 1aNXdnP6uZNcHsFHimTJeR570Ekpe771duWvIvzDRGK0 corresponding to file name Update_Template_SoSI2026-Area31-upd
DEBUG:/Users/samirjohnson/projects/FAO/SOSI-2026/src/extract.py:-> Fetching sheet: sosi2026 from ID: 1aNXdnP6uZNcHsFHimTJeR570Ekpe771duWvIvzDRGK0
DEBUG:googleapiclient.discovery:URL being requested: GET https://sheets.googleapis.com/v4/spreadsheets/1aNXdnP6uZNcHsFHimTJeR570Ekpe771duWvIvzDRGK0/values/sosi2026?valueRenderOption=UNFORMATTED_VALUE&alt=json
INFO:/Users/samirjohnson/projects/FAO/SOSI-2026/src/extract.py:-> Successfully loaded data into Pandas DataFrame.
INFO:/Users/samirjohnson/projects/FAO/SOSI-2026/src/extract.py:-> Extracting Update_Template_SoSI2026-Area41-upd from drive.
DEBUG:googleapiclient.discovery:URL being requested: GET https://www.googleapis.com/drive/v3/files?q=name+%3D+%27Update_Template_SoSI2026-Area41-upd%27+and+trashed+%3D+false&spaces=drive&fields=files%28id%2C+mimeType%2C+name%29&pageSize=1&alt=json
DEBUG:/Users/samirjohnson/projects/FAO/SOSI-2026/src/extract.py:-> Found file id: 1mecn2sjEU-58Ty4J_LP3TGmtNUhnt8wEuze9w9GrJyE corresponding to file name Update_Template_SoSI2026-Area41-upd
DEBUG:/Users/samirjohnson/projects/FAO/SOSI-2026/src/extract.py:-> Fetching sheet: sosi2026 from ID: 1mecn2sjEU-58Ty4J_LP3TGmtNUhnt8wEuze9w9GrJyE
DEBUG:googleapiclient.discovery:URL being requested: GET https://sheets.googleapis.com/v4/spreadsheets/1mecn2sjEU-58Ty4J_LP3TGmtNUhnt8wEuze9w9GrJyE/values/sosi2026?valueRenderOption=UNFORMATTED_VALUE&alt=json
INFO:/Users/samirjohnson/projects/FAO/SOSI-2026/src/extract.py:-> Successfully loaded data into Pandas DataFrame.
INFO:__main__:--> Extracting source tables
INFO:/Users/samirjohnson/projects/FAO/SOSI-2026/src/extract.py:-> Extracting tables capture, countries, areas from url: https://www.fao.org/fishery/static/Data/Capture_2025.1.0.zip
DEBUG:urllib3.connectionpool:Starting new HTTPS connection (1): www.fao.org:443
DEBUG:urllib3.connectionpool:https://www.fao.org:443 "GET /fishery/static/Data/Capture_2025.1.0.zip HTTP/1.1" 200 5238950
INFO:/Users/samirjohnson/projects/FAO/SOSI-2026/src/extract.py:-> Successfully extracted file into Pandas DataFrame
INFO:/Users/samirjohnson/projects/FAO/SOSI-2026/src/extract.py:-> Saved file to /Users/samirjohnson/projects/FAO/SOSI-2026/.cache/Capture_Quantity.csv
INFO:/Users/samirjohnson/projects/FAO/SOSI-2026/src/extract.py:-> Successfully extracted file into Pandas DataFrame
INFO:/Users/samirjohnson/projects/FAO/SOSI-2026/src/extract.py:-> Saved file to /Users/samirjohnson/projects/FAO/SOSI-2026/.cache/CL_FI_COUNTRY_GROUPS.csv
INFO:/Users/samirjohnson/projects/FAO/SOSI-2026/src/extract.py:-> Successfully extracted file into Pandas DataFrame
INFO:/Users/samirjohnson/projects/FAO/SOSI-2026/src/extract.py:-> Saved file to /Users/samirjohnson/projects/FAO/SOSI-2026/.cache/CL_FI_WATERAREA_GROUPS.csv
INFO:__main__:--> Extracting source tables
INFO:/Users/samirjohnson/projects/FAO/SOSI-2026/src/extract.py:-> Extracting tables aquaculture from url: https://www.fao.org/fishery/static/Data/Aquaculture_2025.1.0.zip
DEBUG:urllib3.connectionpool:Starting new HTTPS connection (1): www.fao.org:443
DEBUG:urllib3.connectionpool:https://www.fao.org:443 "GET /fishery/static/Data/Aquaculture_2025.1.0.zip HTTP/1.1" 200 2167356
INFO:/Users/samirjohnson/projects/FAO/SOSI-2026/src/extract.py:-> Successfully extracted file into Pandas DataFrame
INFO:/Users/samirjohnson/projects/FAO/SOSI-2026/src/extract.py:-> Saved file to /Users/samirjohnson/projects/FAO/SOSI-2026/.cache/Aquaculture_Quantity.csv
INFO:__main__:--> Extracting source tables
INFO:/Users/samirjohnson/projects/FAO/SOSI-2026/src/extract.py:-> Extracting tables asfis from url: https://www.fao.org/fishery/static/ASFIS/ASFIS_sp.zip
DEBUG:urllib3.connectionpool:Starting new HTTPS connection (1): www.fao.org:443
DEBUG:urllib3.connectionpool:https://www.fao.org:443 "GET /fishery/static/ASFIS/ASFIS_sp.zip HTTP/1.1" 200 2014343
INFO:/Users/samirjohnson/projects/FAO/SOSI-2026/src/extract.py:-> Successfully extracted file into Pandas DataFrame
INFO:/Users/samirjohnson/projects/FAO/SOSI-2026/src/extract.py:-> Saved file to /Users/samirjohnson/projects/FAO/SOSI-2026/.cache/ASFIS_sp_2025.csv
INFO:__main__:---------- Extraction Complete ----------
INFO:__main__:---------- Beginning Transformation ----------
INFO:/Users/samirjohnson/projects/FAO/SOSI-2026/src/transform.py:SOSITransformer initialized.
DEBUG:__main__:Stock reference columns: Index(['fao_area', 'isscaap_code', 'isscaap_group', 'asfis_code',
       'common_name', 'species_name', 'location', 'status_year', 'tier',
       'status', 'uncertainty', 'assessment_update', 'data_owner',
       'data_provider', 'operational_data_process', 'source_citation',
       'source_citation_url', 'grsf_short_name', 'grsf_stock_id',
       'grsf_semantic_id', 'data_provider_stock_id', 'unit_update',
       'subarea_description', 'assessment_method', 'assessment_description',
       'status_basis', 'BdivBref', 'B_refpt', 'FdivFref', 'F_refpts',
       'status_text', 'comments', 'sosi_temp_id', 'sdg_id',
       'sosi_record_type'],
      dtype='object')
INFO:__main__:Applying schema verification and transformations...
INFO:__main__:-> capture schema process
INFO:/Users/samirjohnson/projects/FAO/SOSI-2026/src/transform.py:Dropped 29415 from table: capture based on restriction: lambda col: col == "Q_tlw" for column: MEASURE
DEBUG:/Users/samirjohnson/projects/FAO/SOSI-2026/src/transform.py:         COUNTRY.UN_CODE SPECIES.ALPHA_3_CODE  AREA.CODE MEASURE  PERIOD  VALUE
1025600               32                  MYS         99  Q_no_1    1970    0.0
1025601               32                  MYS         99  Q_no_1    1971    0.0
1025602               32                  MYS         99  Q_no_1    1972    0.0
1025603               32                  MYS         99  Q_no_1    1973    0.0
1025604               32                  MYS         99  Q_no_1    1974    0.0
...                  ...                  ...        ...     ...     ...    ...
1055010              896                  DBO         77  Q_no_1    2009    0.0
1055011              896                  DBO         77  Q_no_1    2010    0.0
1055012              896                  DBO         77  Q_no_1    2011    0.0
1055013              896                  DBO         77  Q_no_1    2012    0.0
1055014              896                  DBO         77  Q_no_1    2013    0.0

[29415 rows x 6 columns]
DEBUG:/Users/samirjohnson/projects/FAO/SOSI-2026/src/transform.py:Table capture primary key ['country_un_code', 'asfis_code', 'fao_area', 'year'] passes check duplicate
DEBUG:/Users/samirjohnson/projects/FAO/SOSI-2026/src/transform.py:Table capture primary key ['country_un_code', 'asfis_code', 'fao_area', 'year'] passes check NA
INFO:__main__:-> countries schema process
DEBUG:/Users/samirjohnson/projects/FAO/SOSI-2026/src/transform.py:Table countries primary key ['country_un_code'] passes check duplicate
DEBUG:/Users/samirjohnson/projects/FAO/SOSI-2026/src/transform.py:Table countries primary key ['country_un_code'] passes check NA
INFO:__main__:-> aquaculture schema process
DEBUG:/Users/samirjohnson/projects/FAO/SOSI-2026/src/transform.py:Table aquaculture primary key ['country_un_code', 'asfis_code', 'environment_code', 'fao_area', 'year'] passes check duplicate
DEBUG:/Users/samirjohnson/projects/FAO/SOSI-2026/src/transform.py:Table aquaculture primary key ['country_un_code', 'asfis_code', 'environment_code', 'fao_area', 'year'] passes check NA
INFO:__main__:-> asfis schema process
DEBUG:/Users/samirjohnson/projects/FAO/SOSI-2026/src/transform.py:Table asfis primary key ['asfis_code'] passes check duplicate
DEBUG:/Users/samirjohnson/projects/FAO/SOSI-2026/src/transform.py:Table asfis primary key ['asfis_code'] passes check NA
INFO:__main__:-> stock_reference schema process
INFO:/Users/samirjohnson/projects/FAO/SOSI-2026/src/transform.py:Dropped 0 from table: stock_reference based on restriction: lambda col: col.str.split(";").explode().str.len().astype("Int64").eq(3) for column: asfis_code
INFO:/Users/samirjohnson/projects/FAO/SOSI-2026/src/transform.py:Dropped 0 from table: stock_reference based on restriction: lambda col: col.isin(['U', 'M', 'O', 'X', pd.NA]) for column: status
INFO:/Users/samirjohnson/projects/FAO/SOSI-2026/src/transform.py:Dropped 0 from table: stock_reference based on restriction: lambda col: (col.isin(['L', 'M', 'H', pd.NA])) for column: uncertainty
INFO:/Users/samirjohnson/projects/FAO/SOSI-2026/src/transform.py:Dropped 12 from table: stock_reference based on restriction: lambda col: col.notna() for column: grsf_stock_id
DEBUG:/Users/samirjohnson/projects/FAO/SOSI-2026/src/transform.py:              common_name status  ... uncertainty fao_areas
230          Atlantic cod      O  ...           L      [27]
231          Atlantic cod      M  ...           L      [27]
232          Atlantic cod      M  ...           L      [27]
233      European anchovy      M  ...           M      [27]
337     Southern flounder      M  ...           L      [31]
338    Yellowedge grouper      U  ...           L      [31]
339      Spotted weakfish      U  ...           L      [31]
340      Spotted weakfish      U  ...           L      [31]
341                 Cobia      U  ...           M      [31]
342  Scalloped hammerhead      U  ...           M      [31]
343      Great hammerhead      O  ...           M      [31]
344     Smooth hammerhead      O  ...           L      [31]

[12 rows x 13 columns]
DEBUG:/Users/samirjohnson/projects/FAO/SOSI-2026/src/transform.py:Table stock_reference primary key ['grsf_stock_id'] passes check duplicate
DEBUG:/Users/samirjohnson/projects/FAO/SOSI-2026/src/transform.py:Table stock_reference primary key ['grsf_stock_id'] passes check NA
INFO:__main__:-> Computing species landings
INFO:__main__:-> Computing stock landings
INFO:__main__:---------- Beginning Extraction ----------
INFO:googleapiclient.discovery_cache:file_cache is only supported with oauth2client<4.0.0
INFO:googleapiclient.discovery_cache:file_cache is only supported with oauth2client<4.0.0
INFO:__main__:--> Extracting source tables
INFO:/Users/samirjohnson/projects/FAO/SOSI-2026/src/extract.py:-> Extracting Update_Template_SoSI2026-Area27-upd from drive.
DEBUG:googleapiclient.discovery:URL being requested: GET https://www.googleapis.com/drive/v3/files?q=name+%3D+%27Update_Template_SoSI2026-Area27-upd%27+and+trashed+%3D+false&spaces=drive&fields=files%28id%2C+mimeType%2C+name%29&pageSize=1&alt=json
DEBUG:google_auth_httplib2:Making request: POST https://oauth2.googleapis.com/token
DEBUG:/Users/samirjohnson/projects/FAO/SOSI-2026/src/extract.py:-> Found file id: 1mBiVvXSEDT2D_sOg_dA4GvnGsSCL4TYWFjyKcPswMcY corresponding to file name Update_Template_SoSI2026-Area27-upd
DEBUG:/Users/samirjohnson/projects/FAO/SOSI-2026/src/extract.py:-> Fetching sheet: sosi2026 from ID: 1mBiVvXSEDT2D_sOg_dA4GvnGsSCL4TYWFjyKcPswMcY
DEBUG:googleapiclient.discovery:URL being requested: GET https://sheets.googleapis.com/v4/spreadsheets/1mBiVvXSEDT2D_sOg_dA4GvnGsSCL4TYWFjyKcPswMcY/values/sosi2026?valueRenderOption=UNFORMATTED_VALUE&alt=json
DEBUG:google_auth_httplib2:Making request: POST https://oauth2.googleapis.com/token
INFO:/Users/samirjohnson/projects/FAO/SOSI-2026/src/extract.py:-> Successfully loaded data into Pandas DataFrame.
INFO:/Users/samirjohnson/projects/FAO/SOSI-2026/src/extract.py:-> Extracting Update_Template_SoSI2026-Area31-upd from drive.
DEBUG:googleapiclient.discovery:URL being requested: GET https://www.googleapis.com/drive/v3/files?q=name+%3D+%27Update_Template_SoSI2026-Area31-upd%27+and+trashed+%3D+false&spaces=drive&fields=files%28id%2C+mimeType%2C+name%29&pageSize=1&alt=json
DEBUG:/Users/samirjohnson/projects/FAO/SOSI-2026/src/extract.py:-> Found file id: 1aNXdnP6uZNcHsFHimTJeR570Ekpe771duWvIvzDRGK0 corresponding to file name Update_Template_SoSI2026-Area31-upd
DEBUG:/Users/samirjohnson/projects/FAO/SOSI-2026/src/extract.py:-> Fetching sheet: sosi2026 from ID: 1aNXdnP6uZNcHsFHimTJeR570Ekpe771duWvIvzDRGK0
DEBUG:googleapiclient.discovery:URL being requested: GET https://sheets.googleapis.com/v4/spreadsheets/1aNXdnP6uZNcHsFHimTJeR570Ekpe771duWvIvzDRGK0/values/sosi2026?valueRenderOption=UNFORMATTED_VALUE&alt=json
INFO:/Users/samirjohnson/projects/FAO/SOSI-2026/src/extract.py:-> Successfully loaded data into Pandas DataFrame.
INFO:/Users/samirjohnson/projects/FAO/SOSI-2026/src/extract.py:-> Extracting Update_Template_SoSI2026-Area41-upd from drive.
DEBUG:googleapiclient.discovery:URL being requested: GET https://www.googleapis.com/drive/v3/files?q=name+%3D+%27Update_Template_SoSI2026-Area41-upd%27+and+trashed+%3D+false&spaces=drive&fields=files%28id%2C+mimeType%2C+name%29&pageSize=1&alt=json
DEBUG:/Users/samirjohnson/projects/FAO/SOSI-2026/src/extract.py:-> Found file id: 1mecn2sjEU-58Ty4J_LP3TGmtNUhnt8wEuze9w9GrJyE corresponding to file name Update_Template_SoSI2026-Area41-upd
DEBUG:/Users/samirjohnson/projects/FAO/SOSI-2026/src/extract.py:-> Fetching sheet: sosi2026 from ID: 1mecn2sjEU-58Ty4J_LP3TGmtNUhnt8wEuze9w9GrJyE
DEBUG:googleapiclient.discovery:URL being requested: GET https://sheets.googleapis.com/v4/spreadsheets/1mecn2sjEU-58Ty4J_LP3TGmtNUhnt8wEuze9w9GrJyE/values/sosi2026?valueRenderOption=UNFORMATTED_VALUE&alt=json
INFO:/Users/samirjohnson/projects/FAO/SOSI-2026/src/extract.py:-> Successfully loaded data into Pandas DataFrame.
INFO:__main__:--> Extracting source tables
INFO:/Users/samirjohnson/projects/FAO/SOSI-2026/src/extract.py:-> Extracting tables capture, countries, areas from url: https://www.fao.org/fishery/static/Data/Capture_2025.1.0.zip
DEBUG:urllib3.connectionpool:Starting new HTTPS connection (1): www.fao.org:443
DEBUG:urllib3.connectionpool:https://www.fao.org:443 "GET /fishery/static/Data/Capture_2025.1.0.zip HTTP/1.1" 200 5238950
INFO:/Users/samirjohnson/projects/FAO/SOSI-2026/src/extract.py:-> Successfully extracted file into Pandas DataFrame
INFO:/Users/samirjohnson/projects/FAO/SOSI-2026/src/extract.py:-> Saved file to /Users/samirjohnson/projects/FAO/SOSI-2026/.cache/Capture_Quantity.csv
INFO:/Users/samirjohnson/projects/FAO/SOSI-2026/src/extract.py:-> Successfully extracted file into Pandas DataFrame
INFO:/Users/samirjohnson/projects/FAO/SOSI-2026/src/extract.py:-> Saved file to /Users/samirjohnson/projects/FAO/SOSI-2026/.cache/CL_FI_COUNTRY_GROUPS.csv
INFO:/Users/samirjohnson/projects/FAO/SOSI-2026/src/extract.py:-> Successfully extracted file into Pandas DataFrame
INFO:/Users/samirjohnson/projects/FAO/SOSI-2026/src/extract.py:-> Saved file to /Users/samirjohnson/projects/FAO/SOSI-2026/.cache/CL_FI_WATERAREA_GROUPS.csv
INFO:__main__:--> Extracting source tables
INFO:/Users/samirjohnson/projects/FAO/SOSI-2026/src/extract.py:-> Extracting tables aquaculture from url: https://www.fao.org/fishery/static/Data/Aquaculture_2025.1.0.zip
DEBUG:urllib3.connectionpool:Starting new HTTPS connection (1): www.fao.org:443
DEBUG:urllib3.connectionpool:https://www.fao.org:443 "GET /fishery/static/Data/Aquaculture_2025.1.0.zip HTTP/1.1" 200 2167356
INFO:/Users/samirjohnson/projects/FAO/SOSI-2026/src/extract.py:-> Successfully extracted file into Pandas DataFrame
INFO:/Users/samirjohnson/projects/FAO/SOSI-2026/src/extract.py:-> Saved file to /Users/samirjohnson/projects/FAO/SOSI-2026/.cache/Aquaculture_Quantity.csv
INFO:__main__:--> Extracting source tables
INFO:/Users/samirjohnson/projects/FAO/SOSI-2026/src/extract.py:-> Extracting tables asfis from url: https://www.fao.org/fishery/static/ASFIS/ASFIS_sp.zip
DEBUG:urllib3.connectionpool:Starting new HTTPS connection (1): www.fao.org:443
DEBUG:urllib3.connectionpool:https://www.fao.org:443 "GET /fishery/static/ASFIS/ASFIS_sp.zip HTTP/1.1" 200 2014343
INFO:/Users/samirjohnson/projects/FAO/SOSI-2026/src/extract.py:-> Successfully extracted file into Pandas DataFrame
INFO:/Users/samirjohnson/projects/FAO/SOSI-2026/src/extract.py:-> Saved file to /Users/samirjohnson/projects/FAO/SOSI-2026/.cache/ASFIS_sp_2025.csv
INFO:__main__:---------- Extraction Complete ----------
INFO:__main__:---------- Beginning Transformation ----------
INFO:/Users/samirjohnson/projects/FAO/SOSI-2026/src/transform.py:SOSITransformer initialized.
DEBUG:__main__:Stock reference columns: Index(['fao_area', 'isscaap_code', 'isscaap_group', 'asfis_code',
       'common_name', 'species_name', 'location', 'status_year', 'tier',
       'status', 'uncertainty', 'assessment_update', 'data_owner',
       'data_provider', 'operational_data_process', 'source_citation',
       'source_citation_url', 'grsf_short_name', 'grsf_stock_id',
       'grsf_semantic_id', 'data_provider_stock_id', 'unit_update',
       'subarea_description', 'assessment_method', 'assessment_description',
       'status_basis', 'BdivBref', 'B_refpt', 'FdivFref', 'F_refpts',
       'status_text', 'comments', 'sosi_temp_id', 'sdg_id',
       'sosi_record_type'],
      dtype='object')
INFO:__main__:Applying schema verification and transformations...
INFO:__main__:-> capture schema process
INFO:/Users/samirjohnson/projects/FAO/SOSI-2026/src/transform.py:Dropped 29415 from table: capture based on restriction: lambda col: col == "Q_tlw" for column: MEASURE
DEBUG:/Users/samirjohnson/projects/FAO/SOSI-2026/src/transform.py:         PERIOD SPECIES.ALPHA_3_CODE  VALUE MEASURE  AREA.CODE  COUNTRY.UN_CODE
1025600    1970                  MYS    0.0  Q_no_1         99               32
1025601    1971                  MYS    0.0  Q_no_1         99               32
1025602    1972                  MYS    0.0  Q_no_1         99               32
1025603    1973                  MYS    0.0  Q_no_1         99               32
1025604    1974                  MYS    0.0  Q_no_1         99               32
...         ...                  ...    ...     ...        ...              ...
1055010    2009                  DBO    0.0  Q_no_1         77              896
1055011    2010                  DBO    0.0  Q_no_1         77              896
1055012    2011                  DBO    0.0  Q_no_1         77              896
1055013    2012                  DBO    0.0  Q_no_1         77              896
1055014    2013                  DBO    0.0  Q_no_1         77              896

[29415 rows x 6 columns]
DEBUG:/Users/samirjohnson/projects/FAO/SOSI-2026/src/transform.py:Table capture primary key ['country_un_code', 'asfis_code', 'fao_area', 'year'] passes check duplicate
DEBUG:/Users/samirjohnson/projects/FAO/SOSI-2026/src/transform.py:Table capture primary key ['country_un_code', 'asfis_code', 'fao_area', 'year'] passes check NA
INFO:__main__:-> countries schema process
DEBUG:/Users/samirjohnson/projects/FAO/SOSI-2026/src/transform.py:Table countries primary key ['country_un_code'] passes check duplicate
DEBUG:/Users/samirjohnson/projects/FAO/SOSI-2026/src/transform.py:Table countries primary key ['country_un_code'] passes check NA
INFO:__main__:-> aquaculture schema process
DEBUG:/Users/samirjohnson/projects/FAO/SOSI-2026/src/transform.py:Table aquaculture primary key ['country_un_code', 'asfis_code', 'environment_code', 'fao_area', 'year'] passes check duplicate
DEBUG:/Users/samirjohnson/projects/FAO/SOSI-2026/src/transform.py:Table aquaculture primary key ['country_un_code', 'asfis_code', 'environment_code', 'fao_area', 'year'] passes check NA
INFO:__main__:-> asfis schema process
DEBUG:/Users/samirjohnson/projects/FAO/SOSI-2026/src/transform.py:Table asfis primary key ['asfis_code'] passes check duplicate
DEBUG:/Users/samirjohnson/projects/FAO/SOSI-2026/src/transform.py:Table asfis primary key ['asfis_code'] passes check NA
INFO:__main__:-> stock_reference schema process
INFO:/Users/samirjohnson/projects/FAO/SOSI-2026/src/transform.py:Dropped 0 from table: stock_reference based on restriction: lambda col: col.str.split(";").explode().str.len().astype("Int64").eq(3) for column: asfis_code
INFO:/Users/samirjohnson/projects/FAO/SOSI-2026/src/transform.py:Dropped 0 from table: stock_reference based on restriction: lambda col: col.isin(['U', 'M', 'O', 'X', pd.NA]) for column: status
INFO:/Users/samirjohnson/projects/FAO/SOSI-2026/src/transform.py:Dropped 0 from table: stock_reference based on restriction: lambda col: (col.isin(['L', 'M', 'H', pd.NA])) for column: uncertainty
INFO:/Users/samirjohnson/projects/FAO/SOSI-2026/src/transform.py:Dropped 12 from table: stock_reference based on restriction: lambda col: col.notna() for column: grsf_stock_id
DEBUG:/Users/samirjohnson/projects/FAO/SOSI-2026/src/transform.py:     isscaap_code           common_name  ... status_year fao_areas
230            32          Atlantic cod  ...        2023      [27]
231            32          Atlantic cod  ...        2023      [27]
232            32          Atlantic cod  ...        2023      [27]
233            35      European anchovy  ...        2023      [27]
337            31     Southern flounder  ...        2023      [31]
338            33    Yellowedge grouper  ...        2021      [31]
339            33      Spotted weakfish  ...        2023      [31]
340            33      Spotted weakfish  ...        2023      [31]
341            37                 Cobia  ...        2017      [31]
342            38  Scalloped hammerhead  ...        2019      [31]
343            38      Great hammerhead  ...        2019      [31]
344            38     Smooth hammerhead  ...        2021      [31]

[12 rows x 13 columns]
DEBUG:/Users/samirjohnson/projects/FAO/SOSI-2026/src/transform.py:Table stock_reference primary key ['grsf_stock_id'] passes check duplicate
DEBUG:/Users/samirjohnson/projects/FAO/SOSI-2026/src/transform.py:Table stock_reference primary key ['grsf_stock_id'] passes check NA
INFO:__main__:-> Computing species landings
INFO:__main__:-> Computing stock landings
